item_id,order_id,product_id,quantity,line_total
11,1,110,4,99929.68
12,1,108,1,11356.7
13,1,33,3,7364.7
14,1,34,1,2974.54
15,1,14,1,22358.4
21,2,84,4,54851.0
22,2,100,4,43510.72
23,2,98,4,81134.72
24,2,60,2,48582.84
31,3,34,3,8923.62
32,3,23,2,47903.44
33,3,50,4,27958.24
41,4,74,4,3908.72
42,4,22,2,17672.28
43,4,34,2,5949.08
44,4,44,3,18335.04
51,5,92,1,6109.07
52,5,21,5,101212.85
53,5,54,3,74819.01
54,5,68,1,22859.38
55,5,107,5,33101.3
61,6,82,1,6993.89
71,7,23,1,23951.72
72,7,32,5,30417.55
81,8,52,4,59289.44
91,9,83,5,54334.4
101,10,19,2,11801.6
111,11,90,4,24551.24
121,12,38,3,49130.61
131,13,98,2,40567.36
141,14,84,4,54851.0
142,14,33,2,4909.8
151,15,67,5,63821.8
152,15,14,1,22358.4
161,16,26,3,60823.92
162,16,50,2,13979.12
163,16,48,5,82791.25
164,16,24,5,13861.35
171,17,23,4,95806.88
181,18,30,5,108059.1
191,19,69,4,31247.6
192,19,95,1,5748.8
193,19,81,5,60722.1
194,19,60,1,24291.42
201,20,57,2,39811.88
211,21,73,2,1028.02
221,22,16,4,23426.52
222,22,56,5,15932.0
223,22,18,1,16422.17
231,23,22,3,26508.42
232,23,95,5,28744.0
233,23,94,5,31655.55
241,24,79,4,8782.84
242,24,77,5,110056.2
251,25,47,2,43942.02
252,25,52,4,59289.44
261,26,48,4,66233.0
262,26,91,4,8957.32
263,26,65,4,46464.92
271,27,14,4,89433.6
281,28,82,4,27975.56
291,29,50,3,20968.68
292,29,74,1,977.18
301,30,16,1,5856.63
302,30,35,3,48222.81
311,31,106,3,32508.3
312,31,84,1,13712.75
313,31,80,5,96314.7
314,31,33,1,2454.9
321,32,49,4,91625.68
331,33,79,1,2195.71
341,34,98,5,101418.4
342,34,66,5,109792.0
343,34,105,2,10320.24
351,35,98,1,20283.68
352,35,100,2,21755.36
361,36,34,2,5949.08
371,37,20,4,81324.2
372,37,102,2,49224.1
373,37,37,5,35204.8
381,38,12,4,28952.88
382,38,16,2,11713.26
391,39,25,3,63790.83
392,39,48,2,33116.5
393,39,11,4,64663.84
394,39,41,2,49486.64
401,40,62,1,17201.9
411,41,87,2,22466.9
421,42,44,5,30558.4
422,42,65,3,34848.69
431,43,94,3,18993.33
441,44,12,4,28952.88
442,44,64,4,12932.12
451,45,35,4,64297.08
461,46,12,4,28952.88
471,47,109,4,55931.88
481,48,99,2,5749.6
491,49,25,1,21263.61
501,50,73,1,514.01
511,51,52,2,29644.72
521,52,43,4,84599.48
522,52,98,3,60851.04
523,52,102,5,123060.25
524,52,99,3,8624.4
531,53,83,3,32600.64
541,54,26,4,81098.56
551,55,36,4,38277.72
552,55,22,2,17672.28
553,55,82,2,13987.78
561,56,15,4,43348.32
562,56,71,1,19181.51
571,57,15,4,43348.32
581,58,108,1,11356.7
591,59,89,3,26349.3
601,60,29,5,104102.05
602,60,67,1,12764.36
611,61,75,2,44057.38
612,61,109,2,27965.94
621,62,16,2,11713.26
622,62,83,3,32600.64
623,62,12,3,21714.66
631,63,55,1,2727.28
632,63,70,4,61679.08
633,63,36,4,38277.72
634,63,93,2,43122.14
641,64,75,2,44057.38
642,64,19,3,17702.4
643,64,39,4,18771.6
644,64,34,1,2974.54
651,65,19,3,17702.4
652,65,42,5,70726.35
653,65,88,2,6929.2
654,65,78,2,5197.02
661,66,51,1,14253.52
662,66,18,1,16422.17
671,67,79,5,10978.55
672,67,13,2,37087.08
681,68,52,2,29644.72
682,68,58,1,2056.43
683,68,15,2,21674.16
691,69,11,5,80829.8
701,70,60,5,121457.1
711,71,39,1,4692.9
721,72,20,4,81324.2
722,72,13,5,92717.7
731,73,47,5,109855.05
732,73,98,4,81134.72
741,74,106,4,43344.4
742,74,41,5,123716.6
751,75,92,4,24436.28
761,76,30,5,108059.1
762,76,69,3,23435.7
771,77,47,2,43942.02
781,78,60,1,24291.42
782,78,43,4,84599.48
783,78,31,3,53286.03
784,78,58,2,4112.86
785,78,105,1,5160.12
791,79,101,2,36724.72
792,79,80,4,77051.76
801,80,91,3,6717.99
811,81,62,4,68807.6
821,82,69,4,31247.6
822,82,104,4,86443.92
823,82,68,3,68578.14
824,82,67,3,38293.08
831,83,62,2,34403.8
841,84,37,2,14081.92
842,84,42,5,70726.35
843,84,38,2,32753.74
851,85,104,4,86443.92
852,85,95,5,28744.0
853,85,90,4,24551.24
854,85,57,3,59717.82
861,86,38,2,32753.74
862,86,61,4,3125.16
871,87,94,4,25324.44
881,88,110,5,124912.1
891,89,36,3,28708.29
892,89,38,5,81884.35
901,90,95,2,11497.6
902,90,60,4,97165.68
903,90,77,1,22011.24
904,90,66,2,43916.8
911,91,96,2,46840.2
921,92,106,5,54180.5
931,93,93,2,43122.14
932,93,62,2,34403.8
933,93,84,4,54851.0
941,94,42,2,28290.54
951,95,73,5,2570.05
952,95,51,5,71267.6
953,95,89,1,8783.1
961,96,19,1,5900.8
962,96,21,1,20242.57
971,97,17,3,3450.39
972,97,53,2,20570.62
973,97,22,2,17672.28
974,97,51,2,28507.04
981,98,19,3,17702.4
991,99,51,4,57014.08
992,99,85,4,21712.8
1001,100,33,3,7364.7
1011,101,82,2,13987.78
1021,102,30,5,108059.1
1022,102,31,5,88810.05
1023,102,64,4,12932.12
1024,102,26,2,40549.28
1031,103,91,3,6717.99
1032,103,71,2,38363.02
1041,104,95,1,5748.8
1042,104,29,2,41640.82
1043,104,67,4,51057.44
1044,104,23,4,95806.88
1045,104,107,4,26481.04
1051,105,109,5,69914.85
1052,105,13,3,55630.62
1061,106,85,1,5428.2
1062,106,84,4,54851.0
1063,106,34,5,14872.7
1064,106,68,3,68578.14
1071,107,21,2,40485.14
1072,107,58,5,10282.15
1073,107,19,3,17702.4
1074,107,33,4,9819.6
1081,108,25,3,63790.83
1082,108,96,3,70260.3
1083,108,36,1,9569.43
1084,108,92,3,18327.21
1091,109,74,5,4885.9
1092,109,13,5,92717.7
1101,110,32,3,18250.53
1102,110,57,2,39811.88
1111,111,77,4,88044.96
1112,111,14,3,67075.2
1121,112,17,3,3450.39
1122,112,94,3,18993.33
1123,112,41,4,98973.28
1124,112,100,4,43510.72
1131,113,45,4,32914.4
1141,114,53,1,10285.31
1142,114,81,2,24288.84
1151,115,90,1,6137.81
1152,115,12,3,21714.66
1153,115,105,4,20640.48
1154,115,84,2,27425.5
1161,116,59,3,74714.91
1162,116,60,4,97165.68
1163,116,15,3,32511.24
1164,116,99,3,8624.4
1171,117,65,3,34848.69
1172,117,63,2,14074.44
1173,117,101,3,55087.08
1181,118,81,3,36433.26
1182,118,35,3,48222.81
1183,118,73,1,514.01
1191,119,96,1,23420.1
1192,119,21,1,20242.57
1193,119,51,2,28507.04
1194,119,76,1,8034.1
1201,120,33,3,7364.7
1211,121,84,2,27425.5
1221,122,20,1,20331.05
1222,122,12,3,21714.66
1223,122,103,5,51821.1
1231,123,85,4,21712.8
1241,124,53,1,10285.31
1242,124,96,5,117100.5
1251,125,101,2,36724.72
1261,126,106,1,10836.1
1271,127,102,1,24612.05
1281,128,98,2,40567.36
1291,129,102,1,24612.05
1301,130,91,5,11196.65
1311,131,36,4,38277.72
1321,132,34,3,8923.62
1322,132,71,5,95907.55
1331,133,18,1,16422.17
1332,133,67,1,12764.36
1333,133,34,2,5949.08
1334,133,75,2,44057.38
1341,134,80,5,96314.7
1351,135,100,2,21755.36
1352,135,26,3,60823.92
1353,135,108,2,22713.4
1354,135,20,2,40662.1
1355,135,35,4,64297.08
1361,136,86,5,124405.8
1362,136,48,4,66233.0
1371,137,47,4,87884.04
1372,137,38,3,49130.61
1381,138,105,1,5160.12
1382,138,41,3,74229.96
1383,138,78,3,7795.53
1391,139,19,3,17702.4
1392,139,18,1,16422.17
1393,139,74,5,4885.9
1401,140,66,4,87833.6
1402,140,21,1,20242.57
1403,140,97,1,12080.44
1411,141,109,3,41948.91
1421,142,88,1,3464.6
1422,142,97,5,60402.2
1431,143,51,4,57014.08
1441,144,72,3,58729.05
1451,145,108,3,34070.1
1452,145,73,5,2570.05
1461,146,35,3,48222.81
1462,146,40,4,18013.44
1463,146,86,4,99524.64
1464,146,32,4,24334.04
1465,146,16,3,17569.89
1471,147,62,2,34403.8
1472,147,70,4,61679.08
1473,147,68,4,91437.52
1474,147,30,1,21611.82
1481,148,51,4,57014.08
1482,148,59,3,74714.91
1483,148,91,1,2239.33
1484,148,30,4,86447.28
1491,149,95,5,28744.0
1492,149,33,2,4909.8
1493,149,30,2,43223.64
1501,150,61,4,3125.16
1511,151,54,2,49879.34
1521,152,61,2,1562.58
1531,153,81,3,36433.26
1541,154,73,5,2570.05
1551,155,66,1,21958.4
1552,155,31,3,53286.03
1553,155,73,1,514.01
1561,156,52,4,59289.44
1571,157,29,5,104102.05
1572,157,41,4,98973.28
1581,158,64,3,9699.09
1582,158,73,2,1028.02
1583,158,12,3,21714.66
1591,159,98,4,81134.72
1592,159,90,5,30689.05
1601,160,27,5,68187.95
1611,161,103,3,31092.66
1621,162,27,4,54550.36
1622,162,58,1,2056.43
1623,162,83,1,10866.88
1631,163,64,2,6466.06
1632,163,42,3,42435.81
1641,164,51,4,57014.08
1642,164,92,3,18327.21
1651,165,84,2,27425.5
1652,165,53,2,20570.62
1661,166,91,5,11196.65
1662,166,84,2,27425.5
1663,166,40,2,9006.72
1664,166,101,4,73449.44
1665,166,86,5,124405.8
1671,167,13,5,92717.7
1672,167,51,1,14253.52
1681,168,29,5,104102.05
1691,169,78,4,10394.04
1701,170,104,1,21610.98
1702,170,45,4,32914.4
1711,171,35,3,48222.81
1721,172,57,4,79623.76
1722,172,110,2,49964.84
1723,172,18,2,32844.34
1731,173,52,5,74111.8
1732,173,56,4,12745.6
1741,174,45,4,32914.4
1742,174,51,3,42760.56
1751,175,79,2,4391.42
1752,175,36,5,47847.15
1761,176,48,1,16558.25
1762,176,104,2,43221.96
1771,177,75,2,44057.38
1772,177,47,4,87884.04
1781,178,12,3,21714.66
1782,178,49,2,45812.84
1791,179,14,1,22358.4
1801,180,108,1,11356.7
1802,180,64,3,9699.09
1811,181,29,4,83281.64
1812,181,68,5,114296.9
1821,182,67,3,38293.08
1831,183,46,4,22676.32
1841,184,101,5,91811.8
1851,185,31,2,35524.02
1852,185,86,3,74643.48
1861,186,26,3,60823.92
1862,186,17,2,2300.26
1863,186,52,3,44467.08
1864,186,81,4,48577.68
1865,186,72,5,97881.75
1871,187,66,3,65875.2
1881,188,52,5,74111.8
1891,189,15,3,32511.24
1892,189,93,5,107805.35
1893,189,47,5,109855.05
1901,190,76,1,8034.1
1911,191,102,1,24612.05
1912,191,27,1,13637.59
1913,191,74,2,1954.36
1921,192,77,2,44022.48
1931,193,41,3,74229.96
1932,193,22,3,26508.42
1933,193,107,1,6620.26
1934,193,57,4,79623.76
1941,194,19,4,23603.2
1951,195,18,4,65688.68
1952,195,78,4,10394.04
1961,196,81,2,24288.84
1962,196,22,4,35344.56
1971,197,108,3,34070.1
1981,198,18,5,82110.85
1991,199,93,2,43122.14
2001,200,16,2,11713.26
2002,200,39,2,9385.8
2011,201,28,4,39096.36
2012,201,75,1,22028.69
2013,201,51,5,71267.6
2014,201,52,3,44467.08
2015,201,60,4,97165.68
2021,202,102,4,98448.2
2031,203,16,5,29283.15
2032,203,36,1,9569.43
2041,204,85,4,21712.8
2051,205,100,1,10877.68
2061,206,58,2,4112.86
2062,206,76,4,32136.4
2071,207,79,1,2195.71
2081,208,106,5,54180.5
2082,208,90,3,18413.43
2083,208,47,5,109855.05
2084,208,45,4,32914.4
2091,209,36,5,47847.15
2101,210,36,3,28708.29
2111,211,61,4,3125.16
2112,211,26,1,20274.64
2113,211,94,4,25324.44
2114,211,47,5,109855.05
2121,212,96,2,46840.2
2122,212,76,1,8034.1
2123,212,109,1,13982.97
2124,212,62,4,68807.6
2125,212,37,1,7040.96
2131,213,37,5,35204.8
2132,213,36,3,28708.29
2133,213,108,2,22713.4
2141,214,49,2,45812.84
2142,214,57,5,99529.7
2143,214,70,3,46259.31
2144,214,17,2,2300.26
2151,215,50,2,13979.12
2152,215,12,2,14476.44
2161,216,37,3,21122.88
2162,216,74,4,3908.72
2163,216,103,4,41456.88
2164,216,60,5,121457.1
2171,217,73,5,2570.05
2172,217,72,3,58729.05
2173,217,82,2,13987.78
2181,218,24,1,2772.27
2191,219,90,1,6137.81
2192,219,17,3,3450.39
2193,219,12,4,28952.88
2194,219,46,4,22676.32
2201,220,31,3,53286.03
2202,220,23,2,47903.44
2203,220,17,2,2300.26
2211,221,105,1,5160.12
2212,221,58,3,6169.29
2213,221,20,1,20331.05
2214,221,46,1,5669.08
2215,221,64,3,9699.09
2221,222,69,2,15623.8
2231,223,92,1,6109.07
2241,224,71,1,19181.51
2242,224,33,2,4909.8
2243,224,12,4,28952.88
2244,224,25,5,106318.05
2251,225,45,5,41143.0
2252,225,13,4,74174.16
2261,226,99,2,5749.6
2271,227,61,4,3125.16
2281,228,74,4,3908.72
2291,229,63,5,35186.1
2292,229,33,1,2454.9
2293,229,12,1,7238.22
2301,230,46,2,11338.16
2302,230,101,3,55087.08
2303,230,47,1,21971.01
2304,230,103,3,31092.66
2305,230,72,2,39152.7
2311,231,68,1,22859.38
2321,232,16,4,23426.52
2322,232,83,2,21733.76
2323,232,66,1,21958.4
2324,232,82,3,20981.67
2325,232,100,3,32633.04
2331,233,58,4,8225.72
2341,234,80,3,57788.82
2342,234,31,5,88810.05
2343,234,58,5,10282.15
2351,235,105,3,15480.36
2361,236,85,3,16284.6
2362,236,62,4,68807.6
2371,237,109,4,55931.88
2372,237,48,5,82791.25
2373,237,29,4,83281.64
2374,237,97,3,36241.32
2375,237,107,4,26481.04
2381,238,43,2,42299.74
2391,239,56,4,12745.6
2401,240,80,2,38525.88
2402,240,98,1,20283.68
2411,241,91,2,4478.66
2421,242,80,2,38525.88
2422,242,91,5,11196.65
2431,243,37,4,28163.84
2441,244,64,1,3233.03
2451,245,80,1,19262.94
2452,245,16,3,17569.89
2453,245,77,5,110056.2
2454,245,24,2,5544.54
2455,245,84,2,27425.5
2461,246,53,1,10285.31
2462,246,73,3,1542.03
2471,247,58,5,10282.15
2472,247,81,4,48577.68
2473,247,61,2,1562.58
2481,248,106,1,10836.1
2482,248,63,2,14074.44
2491,249,69,2,15623.8
2492,249,30,1,21611.82
2501,250,75,1,22028.69
2502,250,24,3,8316.81
2503,250,74,2,1954.36
2504,250,29,4,83281.64
2511,251,37,5,35204.8
2521,252,35,1,16074.27
2522,252,14,1,22358.4
2531,253,37,2,14081.92
2541,254,98,3,60851.04
2542,254,20,4,81324.2
2543,254,19,1,5900.8
2551,255,56,4,12745.6
2552,255,95,1,5748.8
2561,256,49,4,91625.68
2562,256,54,3,74819.01
2571,257,65,5,58081.15
2581,258,72,5,97881.75
2582,258,92,5,30545.35
2591,259,73,1,514.01
2601,260,55,3,8181.84
2602,260,14,4,89433.6
2611,261,60,1,24291.42
2612,261,107,4,26481.04
2613,261,79,5,10978.55
2614,261,109,5,69914.85
2621,262,98,1,20283.68
2622,262,73,4,2056.04
2623,262,14,1,22358.4
2624,262,59,4,99619.88
2631,263,22,1,8836.14
2641,264,102,1,24612.05
2651,265,106,2,21672.2
2652,265,54,5,124698.35
2661,266,15,4,43348.32
2662,266,52,2,29644.72
2663,266,50,5,34947.8
2664,266,81,4,48577.68
2665,266,110,1,24982.42
2671,267,27,5,68187.95
2681,268,110,1,24982.42
2682,268,14,5,111792.0
2683,268,75,2,44057.38
2684,268,67,4,51057.44
2691,269,83,4,43467.52
2701,270,79,1,2195.71
2702,270,94,3,18993.33
2703,270,103,5,51821.1
2711,271,77,4,88044.96
2721,272,68,3,68578.14
2731,273,16,4,23426.52
2732,273,48,1,16558.25
2733,273,87,2,22466.9
2734,273,53,1,10285.31
2741,274,73,2,1028.02
2751,275,110,2,49964.84
2761,276,16,2,11713.26
2762,276,49,3,68719.26
2763,276,34,5,14872.7
2771,277,40,1,4503.36
2772,277,102,1,24612.05
2773,277,67,2,25528.72
2781,278,105,5,25800.6
2791,279,67,3,38293.08
2792,279,74,4,3908.72
2801,280,78,3,7795.53
2811,281,24,4,11089.08
2812,281,64,1,3233.03
2821,282,82,4,27975.56
2831,283,22,3,26508.42
2841,284,96,5,117100.5
2842,284,56,2,6372.8
2843,284,71,2,38363.02
2844,284,62,1,17201.9
2851,285,22,5,44180.7
2861,286,36,4,38277.72
2871,287,80,5,96314.7
2872,287,58,3,6169.29
2881,288,95,5,28744.0
2882,288,34,4,11898.16
2891,289,16,2,11713.26
2901,290,49,2,45812.84
2911,291,61,1,781.29
2912,291,12,5,36191.1
2913,291,58,1,2056.43
2921,292,96,3,70260.3
2931,293,12,2,14476.44
2932,293,49,3,68719.26
2941,294,72,4,78305.4
2942,294,38,4,65507.48
2943,294,35,4,64297.08
2944,294,95,2,11497.6
2951,295,60,5,121457.1
2961,296,80,2,38525.88
2962,296,20,2,40662.1
2971,297,29,5,104102.05
2972,297,108,1,11356.7
2973,297,19,5,29504.0
2974,297,72,2,39152.7
2981,298,107,4,26481.04
2991,299,57,4,79623.76
2992,299,39,1,4692.9
2993,299,44,4,24446.72
3001,300,52,4,59289.44
3011,301,96,3,70260.3
3021,302,88,2,6929.2
3031,303,27,5,68187.95
3032,303,72,4,78305.4
3033,303,89,2,17566.2
3041,304,77,3,66033.72
3051,305,20,5,101655.25
3052,305,66,1,21958.4
3061,306,82,2,13987.78
3062,306,21,1,20242.57
3071,307,61,3,2343.87
3081,308,54,5,124698.35
3082,308,49,5,114532.1
3091,309,50,4,27958.24
3101,310,60,5,121457.1
3102,310,107,5,33101.3
3111,311,88,2,6929.2
3112,311,87,4,44933.8
3113,311,95,3,17246.4
3114,311,84,1,13712.75
3121,312,54,5,124698.35
3122,312,79,5,10978.55
3131,313,43,3,63449.61
3132,313,91,3,6717.99
3141,314,87,3,33700.35
3142,314,76,2,16068.2
3143,314,40,5,22516.8
3144,314,51,2,28507.04
3151,315,50,2,13979.12
3161,316,77,3,66033.72
3162,316,97,3,36241.32
3163,316,63,5,35186.1
3171,317,95,5,28744.0
3172,317,35,2,32148.54
3181,318,99,3,8624.4
3182,318,48,5,82791.25
3183,318,35,5,80371.35
3191,319,70,5,77098.85
3201,320,26,3,60823.92
3202,320,103,2,20728.44
3211,321,92,3,18327.21
3221,322,93,4,86244.28
3231,323,61,4,3125.16
3241,324,83,3,32600.64
3242,324,69,2,15623.8
3243,324,79,3,6587.13
3251,325,43,4,84599.48
3252,325,26,5,101373.2
3261,326,11,4,64663.84
3262,326,19,5,29504.0
3263,326,35,5,80371.35
3264,326,43,3,63449.61
3265,326,74,5,4885.9
3271,327,36,1,9569.43
3272,327,45,4,32914.4
3281,328,73,1,514.01
3282,328,87,4,44933.8
3291,329,51,2,28507.04
3292,329,26,2,40549.28
3301,330,108,1,11356.7
3311,331,19,3,17702.4
3321,332,79,3,6587.13
3331,333,23,4,95806.88
3341,334,95,5,28744.0
3351,335,25,3,63790.83
3361,336,103,2,20728.44
3362,336,46,2,11338.16
3363,336,47,5,109855.05
3364,336,66,5,109792.0
3365,336,41,5,123716.6
3371,337,81,2,24288.84
3372,337,56,1,3186.4
3373,337,41,5,123716.6
3381,338,108,2,22713.4
3382,338,39,4,18771.6
3391,339,89,1,8783.1
3401,340,22,4,35344.56
3402,340,84,1,13712.75
3403,340,105,1,5160.12
3404,340,89,2,17566.2
3405,340,45,4,32914.4
3411,341,69,5,39059.5
3421,342,33,2,4909.8
3431,343,11,2,32331.92
3441,344,66,5,109792.0
3442,344,85,4,21712.8
3451,345,40,1,4503.36
3452,345,23,4,95806.88
3461,346,67,4,51057.44
3462,346,30,5,108059.1
3463,346,105,4,20640.48
3471,347,108,3,34070.1
3481,348,97,4,48321.76
3491,349,78,3,7795.53
3492,349,54,1,24939.67
3501,350,89,4,35132.4
3502,350,60,5,121457.1
3511,351,29,1,20820.41
3521,352,100,4,43510.72
3522,352,98,2,40567.36
3531,353,37,3,21122.88
3532,353,38,4,65507.48
3533,353,51,3,42760.56
3541,354,48,2,33116.5
3551,355,71,1,19181.51
3561,356,83,1,10866.88
3562,356,42,4,56581.08
3571,357,13,3,55630.62
3572,357,60,3,72874.26
3573,357,84,4,54851.0
3581,358,66,4,87833.6
3591,359,22,2,17672.28
3592,359,66,3,65875.2
3593,359,43,3,63449.61
3594,359,55,3,8181.84
3601,360,32,5,30417.55
3602,360,39,5,23464.5
3611,361,36,4,38277.72
3612,361,15,3,32511.24
3621,362,40,1,4503.36
3631,363,31,5,88810.05
3632,363,22,1,8836.14
3633,363,89,3,26349.3
3641,364,43,4,84599.48
3651,365,29,4,83281.64
3661,366,34,2,5949.08
3671,367,32,1,6083.51
3672,367,77,2,44022.48
3681,368,90,2,12275.62
3682,368,17,3,3450.39
3683,368,84,5,68563.75
3684,368,94,4,25324.44
3691,369,32,5,30417.55
3692,369,41,1,24743.32
3693,369,13,1,18543.54
3694,369,36,1,9569.43
3701,370,33,5,12274.5
3711,371,70,5,77098.85
3721,372,103,5,51821.1
3722,372,33,2,4909.8
3723,372,30,2,43223.64
3731,373,52,3,44467.08
3732,373,32,5,30417.55
3733,373,109,1,13982.97
3741,374,18,2,32844.34
3742,374,61,2,1562.58
3751,375,30,2,43223.64
3761,376,88,3,10393.8
3771,377,46,2,11338.16
3772,377,70,4,61679.08
3781,378,25,2,42527.22
3791,379,88,1,3464.6
3801,380,59,2,49809.94
3811,381,69,5,39059.5
3821,382,97,5,60402.2
3822,382,107,5,33101.3
3823,382,61,4,3125.16
3831,383,70,5,77098.85
3832,383,93,5,107805.35
3833,383,77,4,88044.96
3834,383,56,3,9559.2
3841,384,63,5,35186.1
3842,384,32,4,24334.04
3851,385,15,2,21674.16
3861,386,58,3,6169.29
3871,387,63,4,28148.88
3881,388,58,1,2056.43
3891,389,36,1,9569.43
3901,390,110,2,49964.84
3911,391,86,2,49762.32
3912,391,108,3,34070.1
3921,392,29,1,20820.41
3931,393,67,4,51057.44
3932,393,43,4,84599.48
3933,393,73,3,1542.03
3934,393,62,2,34403.8
3941,394,64,2,6466.06
3942,394,17,2,2300.26
3951,395,23,3,71855.16
3952,395,48,4,66233.0
3953,395,58,4,8225.72
3954,395,17,4,4600.52
3961,396,48,3,49674.75
3971,397,81,4,48577.68
3972,397,72,1,19576.35
3973,397,16,3,17569.89
3981,398,50,5,34947.8
3991,399,23,2,47903.44
4001,400,82,1,6993.89
4002,400,45,5,41143.0
4003,400,18,2,32844.34
4011,401,58,4,8225.72
4012,401,14,4,89433.6
4021,402,89,4,35132.4
4031,403,52,3,44467.08
4041,404,77,5,110056.2
4051,405,67,4,51057.44
4061,406,76,5,40170.5
4062,406,15,5,54185.4
4071,407,30,3,64835.46
4072,407,59,4,99619.88
4081,408,92,2,12218.14
4082,408,45,2,16457.2
4083,408,29,1,20820.41
4091,409,46,2,11338.16
4092,409,61,1,781.29
4101,410,12,2,14476.44
4111,411,83,2,21733.76
4121,412,30,5,108059.1
4122,412,65,5,58081.15
4131,413,37,1,7040.96
4141,414,31,1,17762.01
4142,414,15,2,21674.16
4143,414,44,4,24446.72
4144,414,104,2,43221.96
4145,414,72,4,78305.4
4151,415,96,4,93680.4
4161,416,54,3,74819.01
4162,416,89,4,35132.4
4163,416,104,3,64832.94
4171,417,81,3,36433.26
4172,417,105,3,15480.36
4181,418,96,5,117100.5
4182,418,98,5,101418.4
4191,419,87,2,22466.9
4192,419,110,2,49964.84
4201,420,66,3,65875.2
4202,420,72,5,97881.75
4203,420,45,3,24685.8
4211,421,103,1,10364.22
4212,421,62,5,86009.5
4221,422,43,1,21149.87
4231,423,82,4,27975.56
4232,423,39,2,9385.8
4233,423,42,1,14145.27
4241,424,75,4,88114.76
4242,424,57,4,79623.76
4251,425,53,1,10285.31
4252,425,49,2,45812.84
4261,426,72,1,19576.35
4271,427,18,4,65688.68
4272,427,66,2,43916.8
4273,427,62,4,68807.6
4281,428,14,3,67075.2
4282,428,53,1,10285.31
4291,429,73,4,2056.04
4301,430,61,4,3125.16
4302,430,86,2,49762.32
4303,430,38,3,49130.61
4304,430,62,2,34403.8
4311,431,32,2,12167.02
4312,431,54,5,124698.35
4321,432,59,1,24904.97
4331,433,21,1,20242.57
4341,434,65,4,46464.92
4351,435,100,1,10877.68
4352,435,93,4,86244.28
4353,435,30,2,43223.64
4354,435,17,1,1150.13
4361,436,57,3,59717.82
4371,437,22,2,17672.28
4372,437,16,3,17569.89
4381,438,15,5,54185.4
4391,439,16,5,29283.15
4401,440,35,2,32148.54
4411,441,73,3,1542.03
4412,441,24,5,13861.35
4413,441,45,5,41143.0
4414,441,86,1,24881.16
4421,442,47,4,87884.04
4422,442,28,5,48870.45
4423,442,19,3,17702.4
4431,443,110,5,124912.1
4441,444,88,2,6929.2
4451,445,15,3,32511.24
4452,445,61,2,1562.58
4461,446,68,5,114296.9
4462,446,56,3,9559.2
4471,447,101,4,73449.44
4481,448,41,3,74229.96
4482,448,50,2,13979.12
4491,449,30,2,43223.64
4501,450,18,5,82110.85
4511,451,29,2,41640.82
4512,451,24,1,2772.27
4513,451,68,3,68578.14
4514,451,27,3,40912.77
4521,452,85,4,21712.8
4522,452,41,4,98973.28
4531,453,93,5,107805.35
4532,453,96,5,117100.5
4541,454,101,2,36724.72
4551,455,94,4,25324.44
4552,455,15,2,21674.16
4553,455,57,3,59717.82
4554,455,31,1,17762.01
4561,456,43,4,84599.48
4571,457,74,4,3908.72
4581,458,61,3,2343.87
4582,458,101,4,73449.44
4591,459,52,4,59289.44
4601,460,107,2,13240.52
4602,460,83,1,10866.88
4611,461,32,4,24334.04
4612,461,43,3,63449.61
4613,461,64,2,6466.06
4614,461,22,1,8836.14
4621,462,41,3,74229.96
4622,462,76,2,16068.2
4623,462,88,2,6929.2
4624,462,74,4,3908.72
4631,463,12,3,21714.66
4641,464,89,1,8783.1
4642,464,58,1,2056.43
4643,464,54,4,99758.68
4651,465,75,2,44057.38
4652,465,36,3,28708.29
4653,465,38,5,81884.35
4661,466,61,5,3906.45
4671,467,89,1,8783.1
4672,467,36,4,38277.72
4673,467,66,5,109792.0
4674,467,109,5,69914.85
4675,467,104,3,64832.94
4681,468,107,1,6620.26
4682,468,69,3,23435.7
4691,469,63,5,35186.1
4701,470,19,4,23603.2
4702,470,71,4,76726.04
4711,471,88,5,17323.0
4712,471,84,2,27425.5
4713,471,40,4,18013.44
4714,471,51,3,42760.56
4721,472,94,1,6331.11
4731,473,96,4,93680.4
4732,473,85,3,16284.6
4733,473,43,1,21149.87
4741,474,16,4,23426.52
4742,474,39,2,9385.8
4751,475,66,1,21958.4
4761,476,46,5,28345.4
4762,476,79,3,6587.13
4763,476,80,5,96314.7
4764,476,64,1,3233.03
4765,476,13,4,74174.16
4771,477,38,1,16376.87
4772,477,79,2,4391.42
4773,477,95,4,22995.2
4774,477,81,5,60722.1
4775,477,47,3,65913.03
4781,478,94,2,12662.22
4791,479,65,1,11616.23
4801,480,42,4,56581.08
4811,481,27,3,40912.77
4821,482,48,3,49674.75
4831,483,65,2,23232.46
4832,483,37,3,21122.88
4841,484,47,3,65913.03
4851,485,99,2,5749.6
4852,485,81,1,12144.42
4853,485,92,1,6109.07
4854,485,19,2,11801.6
4855,485,20,1,20331.05
4861,486,108,1,11356.7
4862,486,45,4,32914.4
4863,486,33,3,7364.7
4871,487,109,5,69914.85
4881,488,26,5,101373.2
4882,488,72,3,58729.05
4891,489,56,4,12745.6
4892,489,22,2,17672.28
4893,489,33,5,12274.5
4901,490,103,1,10364.22
4902,490,13,1,18543.54
4903,490,90,2,12275.62
4904,490,109,2,27965.94
4911,491,77,5,110056.2
4921,492,107,3,19860.78
4931,493,60,4,97165.68
4941,494,76,4,32136.4
4951,495,35,5,80371.35
4961,496,110,1,24982.42
4962,496,86,2,49762.32
4971,497,110,4,99929.68
4972,497,74,4,3908.72
4973,497,82,3,20981.67
4981,498,36,1,9569.43
4982,498,16,4,23426.52
4991,499,84,3,41138.25
5001,500,96,3,70260.3
5011,501,64,1,3233.03
5012,501,106,3,32508.3
5021,502,21,5,101212.85
5022,502,28,5,48870.45
5023,502,23,1,23951.72
5024,502,87,5,56167.25
5031,503,74,5,4885.9
5041,504,103,1,10364.22
5042,504,108,3,34070.1
5043,504,54,2,49879.34
5044,504,26,3,60823.92
5045,504,90,5,30689.05
5051,505,48,1,16558.25
5052,505,15,3,32511.24
5053,505,24,2,5544.54
5061,506,59,3,74714.91
5062,506,30,3,64835.46
5071,507,20,1,20331.05
5072,507,78,4,10394.04
5073,507,57,3,59717.82
5081,508,63,3,21111.66
5082,508,13,3,55630.62
5083,508,14,2,44716.8
5091,509,28,5,48870.45
5092,509,78,1,2598.51
5093,509,88,3,10393.8
5101,510,44,3,18335.04
5111,511,26,2,40549.28
5121,512,85,2,10856.4
5122,512,21,1,20242.57
5131,513,108,5,56783.5
5141,514,21,5,101212.85
5142,514,102,5,123060.25
5143,514,81,3,36433.26
5151,515,95,1,5748.8
5152,515,49,3,68719.26
5153,515,23,4,95806.88
5154,515,62,1,17201.9
5161,516,45,1,8228.6
5162,516,105,2,10320.24
5171,517,86,1,24881.16
5181,518,72,1,19576.35
5191,519,57,5,99529.7
5192,519,62,1,17201.9
5201,520,86,5,124405.8
5211,521,42,2,28290.54
5212,521,21,5,101212.85
5213,521,53,1,10285.31
5214,521,32,1,6083.51
5221,522,104,2,43221.96
5222,522,101,2,36724.72
5231,523,98,4,81134.72
5232,523,76,1,8034.1
5233,523,41,5,123716.6
5241,524,84,4,54851.0
5242,524,104,5,108054.9
5243,524,110,2,49964.84
5244,524,35,1,16074.27
5251,525,89,4,35132.4
5252,525,96,2,46840.2
5261,526,48,4,66233.0
5262,526,55,5,13636.4
5263,526,28,4,39096.36
5271,527,47,1,21971.01
5272,527,45,4,32914.4
5273,527,42,3,42435.81
5274,527,89,5,43915.5
5281,528,25,5,106318.05
5282,528,62,2,34403.8
5291,529,99,2,5749.6
5292,529,27,5,68187.95
5293,529,84,1,13712.75
5301,530,42,2,28290.54
5302,530,27,1,13637.59
5303,530,102,1,24612.05
5304,530,16,4,23426.52
5305,530,40,2,9006.72
5311,531,46,2,11338.16
5312,531,25,1,21263.61
5313,531,84,1,13712.75
5314,531,11,4,64663.84
5315,531,94,1,6331.11
5321,532,68,2,45718.76
5331,533,93,1,21561.07
5341,534,52,5,74111.8
5342,534,63,3,21111.66
5343,534,59,4,99619.88
5344,534,95,2,11497.6
5351,535,29,2,41640.82
5352,535,37,2,14081.92
5353,535,60,4,97165.68
5354,535,56,4,12745.6
5361,536,66,4,87833.6
5362,536,17,4,4600.52
5363,536,43,2,42299.74
5364,536,11,1,16165.96
5371,537,18,5,82110.85
5372,537,106,3,32508.3
5373,537,69,2,15623.8
5381,538,47,3,65913.03
5382,538,29,3,62461.23
5391,539,109,1,13982.97
5401,540,108,1,11356.7
5402,540,78,5,12992.55
5411,541,49,2,45812.84
5412,541,93,4,86244.28
5421,542,46,4,22676.32
5431,543,45,2,16457.2
5432,543,31,1,17762.01
5433,543,72,2,39152.7
5434,543,39,4,18771.6
5435,543,67,4,51057.44
5441,544,81,5,60722.1
5451,545,29,3,62461.23
5452,545,25,3,63790.83
5461,546,99,3,8624.4
5462,546,23,5,119758.6
5471,547,106,1,10836.1
5472,547,62,5,86009.5
5473,547,13,1,18543.54
5481,548,47,3,65913.03
5491,549,107,5,33101.3
5492,549,96,5,117100.5
5493,549,82,5,34969.45
5501,550,91,2,4478.66
5502,550,74,1,977.18
5503,550,78,3,7795.53
5504,550,11,5,80829.8
5511,551,54,4,99758.68
5512,551,11,2,32331.92
5521,552,104,3,64832.94
5531,553,65,3,34848.69
5532,553,43,5,105749.35
5533,553,100,2,21755.36
5541,554,96,5,117100.5
5542,554,88,5,17323.0
5551,555,59,4,99619.88
5561,556,42,1,14145.27
5562,556,52,3,44467.08
5571,557,108,2,22713.4
5581,558,74,4,3908.72
5582,558,40,5,22516.8
5591,559,20,1,20331.05
5601,560,28,4,39096.36
5602,560,40,1,4503.36
5611,561,63,5,35186.1
5621,562,20,2,40662.1
5622,562,24,2,5544.54
5623,562,98,2,40567.36
5624,562,81,2,24288.84
5625,562,67,3,38293.08
5631,563,43,1,21149.87
5641,564,63,5,35186.1
5642,564,26,4,81098.56
5643,564,46,2,11338.16
5644,564,93,1,21561.07
5651,565,41,5,123716.6
5661,566,43,5,105749.35
5671,567,91,2,4478.66
5672,567,108,1,11356.7
5681,568,46,2,11338.16
5682,568,80,1,19262.94
5691,569,73,1,514.01
5692,569,38,1,16376.87
5693,569,63,5,35186.1
5694,569,53,5,51426.55
5701,570,84,3,41138.25
5711,571,100,3,32633.04
5721,572,107,2,13240.52
5722,572,68,1,22859.38
5723,572,82,1,6993.89
5724,572,100,5,54388.4
5731,573,46,2,11338.16
5741,574,31,2,35524.02
5751,575,104,2,43221.96
5752,575,33,2,4909.8
5753,575,36,2,19138.86
5761,576,18,4,65688.68
5771,577,28,1,9774.09
5781,578,103,2,20728.44
5791,579,107,3,19860.78
5801,580,66,1,21958.4
5802,580,30,2,43223.64
5803,580,99,4,11499.2
5811,581,32,3,18250.53
5821,582,33,4,9819.6
5831,583,108,2,22713.4
5841,584,30,4,86447.28
5851,585,40,2,9006.72
5861,586,77,5,110056.2
5871,587,78,4,10394.04
5872,587,86,2,49762.32
5873,587,85,5,27141.0
5874,587,53,5,51426.55
5881,588,38,4,65507.48
5882,588,68,2,45718.76
5891,589,67,3,38293.08
5892,589,46,3,17007.24
5901,590,104,1,21610.98
5902,590,109,2,27965.94
5911,591,59,5,124524.85
5912,591,109,4,55931.88
5921,592,85,1,5428.2
5922,592,25,2,42527.22
5923,592,99,5,14374.0
5924,592,27,1,13637.59
5931,593,61,5,3906.45
5932,593,94,2,12662.22
5941,594,34,5,14872.7
5951,595,27,5,68187.95
5952,595,41,5,123716.6
5953,595,17,1,1150.13
5954,595,76,2,16068.2
5961,596,21,5,101212.85
5962,596,54,5,124698.35
5971,597,44,3,18335.04
5981,598,33,4,9819.6
5982,598,16,4,23426.52
5991,599,37,1,7040.96
5992,599,28,5,48870.45
5993,599,39,2,9385.8
5994,599,100,5,54388.4
6001,600,65,5,58081.15
6002,600,103,1,10364.22
6011,601,52,3,44467.08
6012,601,69,3,23435.7
6013,601,32,1,6083.51
6021,602,12,1,7238.22
6031,603,99,1,2874.8
6032,603,14,1,22358.4
6033,603,103,3,31092.66
6041,604,106,5,54180.5
6051,605,99,2,5749.6
6061,606,23,5,119758.6
6062,606,67,3,38293.08
6071,607,91,5,11196.65
6081,608,30,3,64835.46
6091,609,97,1,12080.44
6101,610,75,3,66086.07
6102,610,93,3,64683.21
6103,610,48,2,33116.5
6111,611,29,5,104102.05
6121,612,80,3,57788.82
6122,612,72,4,78305.4
6131,613,109,2,27965.94
6132,613,20,2,40662.1
6141,614,47,1,21971.01
6142,614,75,3,66086.07
6143,614,90,4,24551.24
6151,615,75,4,88114.76
6152,615,66,1,21958.4
6161,616,17,1,1150.13
6171,617,42,3,42435.81
6172,617,59,3,74714.91
6181,618,103,5,51821.1
6191,619,30,4,86447.28
6201,620,26,2,40549.28
6211,621,45,2,16457.2
6212,621,76,3,24102.3
6221,622,17,3,3450.39
6231,623,32,5,30417.55
6241,624,16,5,29283.15
6251,625,91,4,8957.32
6252,625,71,2,38363.02
6253,625,17,2,2300.26
6261,626,89,4,35132.4
6262,626,82,5,34969.45
6271,627,13,5,92717.7
6281,628,78,1,2598.51
6282,628,34,1,2974.54
6283,628,27,3,40912.77
6291,629,26,5,101373.2
6292,629,61,1,781.29
6293,629,43,5,105749.35
6301,630,105,3,15480.36
6302,630,11,2,32331.92
6303,630,44,5,30558.4
6304,630,91,4,8957.32
6311,631,42,2,28290.54
6312,631,77,4,88044.96
6321,632,35,1,16074.27
6322,632,78,4,10394.04
6323,632,93,3,64683.21
6331,633,97,1,12080.44
6341,634,62,5,86009.5
6351,635,103,5,51821.1
6352,635,32,5,30417.55
6361,636,96,3,70260.3
6362,636,104,4,86443.92
6371,637,13,2,37087.08
6381,638,107,5,33101.3
6382,638,102,4,98448.2
6383,638,27,2,27275.18
6384,638,58,1,2056.43
6391,639,110,3,74947.26
6401,640,16,4,23426.52
6411,641,91,4,8957.32
6421,642,107,3,19860.78
6431,643,16,2,11713.26
6432,643,34,3,8923.62
6433,643,62,3,51605.7
6441,644,34,2,5949.08
6442,644,48,1,16558.25
6451,645,71,3,57544.53
6452,645,59,4,99619.88
6461,646,48,5,82791.25
6462,646,76,5,40170.5
6463,646,84,1,13712.75
6471,647,104,2,43221.96
6472,647,24,5,13861.35
6473,647,58,5,10282.15
6481,648,46,2,11338.16
6482,648,53,4,41141.24
6491,649,100,3,32633.04
6492,649,18,1,16422.17
6501,650,92,1,6109.07
6511,651,48,3,49674.75
6512,651,41,2,49486.64
6513,651,37,5,35204.8
6514,651,38,3,49130.61
6515,651,108,5,56783.5
6521,652,101,1,18362.36
6531,653,39,2,9385.8
6541,654,22,5,44180.7
6542,654,23,4,95806.88
6543,654,102,5,123060.25
6551,655,26,1,20274.64
6552,655,80,5,96314.7
6561,656,41,2,49486.64
6562,656,86,4,99524.64
6563,656,22,2,17672.28
6564,656,91,2,4478.66
6565,656,97,4,48321.76
6571,657,39,4,18771.6
6572,657,16,1,5856.63
6581,658,21,5,101212.85
6582,658,107,4,26481.04
6583,658,89,3,26349.3
6591,659,23,5,119758.6
6592,659,70,5,77098.85
6593,659,75,1,22028.69
6594,659,63,1,7037.22
6595,659,110,2,49964.84
6601,660,14,1,22358.4
6611,661,53,4,41141.24
6612,661,110,1,24982.42
6621,662,87,1,11233.45
6622,662,78,2,5197.02
6631,663,53,4,41141.24
6632,663,71,3,57544.53
6641,664,87,4,44933.8
6642,664,26,1,20274.64
6643,664,103,5,51821.1
6651,665,61,5,3906.45
6652,665,58,3,6169.29
6661,666,18,1,16422.17
6671,667,20,1,20331.05
6681,668,92,1,6109.07
6682,668,109,5,69914.85
6683,668,84,3,41138.25
6684,668,47,2,43942.02
6691,669,78,4,10394.04
6701,670,14,5,111792.0
6711,671,63,2,14074.44
6721,672,103,2,20728.44
6731,673,88,2,6929.2
6732,673,75,4,88114.76
6733,673,29,3,62461.23
6734,673,20,3,60993.15
6741,674,20,1,20331.05
6751,675,15,3,32511.24
6761,676,79,4,8782.84
6771,677,16,3,17569.89
6772,677,57,2,39811.88
6773,677,91,4,8957.32
6774,677,13,4,74174.16
6781,678,106,5,54180.5
6782,678,16,1,5856.63
6791,679,27,4,54550.36
6801,680,13,1,18543.54
6802,680,16,5,29283.15
6803,680,35,2,32148.54
6811,681,61,5,3906.45
6821,682,108,1,11356.7
6831,683,98,4,81134.72
6841,684,106,2,21672.2
6851,685,33,2,4909.8
6861,686,54,3,74819.01
6871,687,66,5,109792.0
6881,688,66,1,21958.4
6882,688,84,4,54851.0
6891,689,73,5,2570.05
6892,689,65,2,23232.46
6901,690,78,3,7795.53
6902,690,44,1,6111.68
6911,691,49,5,114532.1
6921,692,78,4,10394.04
6931,693,54,4,99758.68
6932,693,49,5,114532.1
6933,693,41,5,123716.6
6941,694,16,2,11713.26
6951,695,58,5,10282.15
6961,696,17,3,3450.39
6962,696,24,4,11089.08
6963,696,96,1,23420.1
6971,697,17,3,3450.39
6972,697,75,5,110143.45
6981,698,19,3,17702.4
6982,698,48,5,82791.25
6991,699,13,4,74174.16
7001,700,85,5,27141.0
7002,700,32,5,30417.55
7003,700,62,4,68807.6
7004,700,107,5,33101.3
7005,700,87,5,56167.25
7011,701,110,5,124912.1
7012,701,95,5,28744.0
7013,701,48,5,82791.25
7021,702,97,1,12080.44
7022,702,108,5,56783.5
7023,702,69,3,23435.7
7031,703,57,5,99529.7
7041,704,83,2,21733.76
7051,705,83,1,10866.88
7061,706,109,5,69914.85
7071,707,83,2,21733.76
7072,707,90,1,6137.81
7073,707,35,2,32148.54
7074,707,33,2,4909.8
7081,708,29,4,83281.64
7091,709,82,4,27975.56
7092,709,18,5,82110.85
7101,710,82,2,13987.78
7102,710,71,4,76726.04
7111,711,69,4,31247.6
7112,711,108,1,11356.7
7121,712,33,2,4909.8
7122,712,106,3,32508.3
7131,713,103,5,51821.1
7132,713,40,5,22516.8
7141,714,96,5,117100.5
7151,715,94,5,31655.55
7152,715,42,1,14145.27
7153,715,77,3,66033.72
7154,715,28,1,9774.09
7161,716,63,5,35186.1
7162,716,95,5,28744.0
7163,716,26,4,81098.56
7164,716,29,3,62461.23
7171,717,29,4,83281.64
7181,718,56,2,6372.8
7182,718,80,4,77051.76
7191,719,22,4,35344.56
7192,719,81,5,60722.1
7201,720,63,1,7037.22
7211,721,38,4,65507.48
7212,721,12,1,7238.22
7213,721,82,2,13987.78
7214,721,72,2,39152.7
7221,722,51,1,14253.52
7222,722,84,3,41138.25
7223,722,54,2,49879.34
7231,723,62,2,34403.8
7232,723,80,5,96314.7
7233,723,30,3,64835.46
7241,724,45,1,8228.6
7242,724,91,2,4478.66
7243,724,16,4,23426.52
7251,725,11,4,64663.84
7252,725,96,5,117100.5
7253,725,76,4,32136.4
7261,726,60,4,97165.68
7262,726,19,5,29504.0
7263,726,18,2,32844.34
7264,726,25,1,21263.61
7271,727,35,5,80371.35
7281,728,14,1,22358.4
7291,729,59,3,74714.91
7292,729,78,1,2598.51
7293,729,18,3,49266.51
7294,729,89,5,43915.5
7301,730,105,3,15480.36
7311,731,63,2,14074.44
7321,732,77,4,88044.96
7322,732,36,2,19138.86
7323,732,85,1,5428.2
7324,732,67,3,38293.08
7331,733,46,3,17007.24
7341,734,74,4,3908.72
7351,735,47,2,43942.02
7352,735,61,1,781.29
7361,736,68,4,91437.52
7362,736,28,4,39096.36
7363,736,103,2,20728.44
7371,737,55,5,13636.4
7372,737,13,1,18543.54
7381,738,73,4,2056.04
7382,738,103,4,41456.88
7383,738,91,1,2239.33
7391,739,83,3,32600.64
7392,739,100,1,10877.68
7393,739,88,4,13858.4
7394,739,19,5,29504.0
7395,739,109,5,69914.85
7401,740,35,2,32148.54
7411,741,40,1,4503.36
7421,742,51,2,28507.04
7422,742,56,3,9559.2
7423,742,102,4,98448.2
7424,742,32,1,6083.51
7431,743,21,1,20242.57
7432,743,70,2,30839.54
7441,744,32,1,6083.51
7442,744,97,5,60402.2
7443,744,24,2,5544.54
7451,745,25,2,42527.22
7461,746,41,3,74229.96
7462,746,76,2,16068.2
7463,746,96,4,93680.4
7471,747,84,4,54851.0
7472,747,55,1,2727.28
7481,748,68,1,22859.38
7491,749,80,5,96314.7
7492,749,48,1,16558.25
7493,749,50,2,13979.12
7494,749,44,5,30558.4
7501,750,29,4,83281.64
7511,751,16,1,5856.63
7521,752,47,2,43942.02
7522,752,17,4,4600.52
7531,753,43,1,21149.87
7541,754,79,1,2195.71
7551,755,70,5,77098.85
7552,755,105,2,10320.24
7553,755,74,2,1954.36
7554,755,96,1,23420.1
7561,756,31,1,17762.01
7571,757,86,2,49762.32
7572,757,79,3,6587.13
7573,757,34,5,14872.7
7574,757,24,4,11089.08
7581,758,80,3,57788.82
7591,759,73,5,2570.05
7592,759,104,4,86443.92
7593,759,98,2,40567.36
7601,760,40,1,4503.36
7602,760,80,5,96314.7
7603,760,42,2,28290.54
7611,761,51,1,14253.52
7612,761,63,3,21111.66
7621,762,107,4,26481.04
7631,763,13,4,74174.16
7632,763,74,4,3908.72
7633,763,100,1,10877.68
7634,763,86,4,99524.64
7635,763,80,4,77051.76
7641,764,62,4,68807.6
7642,764,74,5,4885.9
7643,764,41,2,49486.64
7651,765,12,4,28952.88
7652,765,57,5,99529.7
7653,765,108,2,22713.4
7654,765,11,1,16165.96
7661,766,32,2,12167.02
7662,766,34,3,8923.62
7671,767,31,1,17762.01
7681,768,97,3,36241.32
7682,768,95,5,28744.0
7683,768,57,4,79623.76
7684,768,12,1,7238.22
7685,768,110,3,74947.26
7691,769,30,1,21611.82
7692,769,104,5,108054.9
7701,770,33,5,12274.5
7702,770,20,2,40662.1
7711,771,61,4,3125.16
7721,772,16,5,29283.15
7722,772,82,3,20981.67
7723,772,86,2,49762.32
7731,773,88,3,10393.8
7732,773,80,5,96314.7
7741,774,31,1,17762.01
7742,774,27,5,68187.95
7743,774,15,2,21674.16
7744,774,53,5,51426.55
7751,775,103,3,31092.66
7752,775,87,5,56167.25
7761,776,93,5,107805.35
7762,776,27,5,68187.95
7763,776,49,5,114532.1
7764,776,88,1,3464.6
7765,776,54,1,24939.67
7771,777,68,5,114296.9
7781,778,107,4,26481.04
7782,778,15,1,10837.08
7791,779,33,2,4909.8
7801,780,62,2,34403.8
7802,780,68,5,114296.9
7803,780,60,2,48582.84
7804,780,72,1,19576.35
7811,781,68,1,22859.38
7812,781,46,5,28345.4
7813,781,59,1,24904.97
7814,781,110,4,99929.68
7821,782,79,4,8782.84
7822,782,74,5,4885.9
7831,783,90,5,30689.05
7841,784,75,2,44057.38
7842,784,74,3,2931.54
7843,784,102,5,123060.25
7844,784,30,5,108059.1
7851,785,106,1,10836.1
7861,786,79,5,10978.55
7862,786,51,1,14253.52
7863,786,98,4,81134.72
7871,787,98,2,40567.36
7872,787,91,3,6717.99
7881,788,45,1,8228.6
7891,789,57,4,79623.76
7892,789,107,4,26481.04
7901,790,53,5,51426.55
7902,790,98,1,20283.68
7903,790,69,1,7811.9
7911,791,32,5,30417.55
7912,791,46,2,11338.16
7921,792,54,3,74819.01
7922,792,58,2,4112.86
7923,792,45,5,41143.0
7931,793,86,4,99524.64
7941,794,56,5,15932.0
7951,795,92,2,12218.14
7961,796,28,5,48870.45
7962,796,98,5,101418.4
7971,797,61,5,3906.45
7972,797,39,5,23464.5
7973,797,35,1,16074.27
7981,798,32,3,18250.53
7991,799,98,3,60851.04
8001,800,108,3,34070.1
8011,801,72,4,78305.4
8012,801,33,2,4909.8
8013,801,54,5,124698.35
8021,802,86,2,49762.32
8031,803,39,3,14078.7
8032,803,54,1,24939.67
8033,803,78,2,5197.02
8034,803,88,5,17323.0
8041,804,101,4,73449.44
8051,805,14,4,89433.6
8061,806,60,3,72874.26
8062,806,82,1,6993.89
8071,807,107,3,19860.78
8072,807,73,3,1542.03
8081,808,35,3,48222.81
8091,809,26,5,101373.2
8092,809,97,5,60402.2
8101,810,25,4,85054.44
8111,811,32,2,12167.02
8112,811,17,5,5750.65
8121,812,53,3,30855.93
8122,812,85,1,5428.2
8123,812,41,1,24743.32
8131,813,37,1,7040.96
8132,813,61,3,2343.87
8133,813,50,3,20968.68
8141,814,52,1,14822.36
8142,814,36,2,19138.86
8151,815,57,4,79623.76
8152,815,90,4,24551.24
8153,815,38,5,81884.35
8161,816,65,4,46464.92
8171,817,16,2,11713.26
8172,817,13,1,18543.54
8173,817,90,3,18413.43
8174,817,45,1,8228.6
8181,818,56,2,6372.8
8191,819,89,1,8783.1
8192,819,78,5,12992.55
8201,820,82,5,34969.45
8202,820,18,2,32844.34
8211,821,11,2,32331.92
8212,821,45,2,16457.2
8213,821,57,5,99529.7
8221,822,109,4,55931.88
8222,822,55,2,5454.56
8231,823,53,4,41141.24
8232,823,82,1,6993.89
8233,823,110,3,74947.26
8234,823,65,5,58081.15
8241,824,107,5,33101.3
8242,824,68,4,91437.52
8251,825,32,2,12167.02
8261,826,54,3,74819.01
8262,826,76,3,24102.3
8271,827,54,5,124698.35
8272,827,104,4,86443.92
8281,828,51,5,71267.6
8282,828,102,2,49224.1
8283,828,89,3,26349.3
8284,828,47,5,109855.05
8285,828,33,1,2454.9
8291,829,99,1,2874.8
8292,829,65,1,11616.23
8293,829,53,1,10285.31
8294,829,14,2,44716.8
8295,829,28,3,29322.27
8301,830,40,5,22516.8
8311,831,40,2,9006.72
8312,831,20,2,40662.1
8321,832,25,3,63790.83
8322,832,52,1,14822.36
8331,833,52,3,44467.08
8341,834,77,4,88044.96
8342,834,37,5,35204.8
8351,835,98,3,60851.04
8352,835,23,3,71855.16
8353,835,47,5,109855.05
8361,836,60,5,121457.1
8362,836,86,4,99524.64
8371,837,99,2,5749.6
8381,838,92,3,18327.21
8382,838,67,4,51057.44
8391,839,11,2,32331.92
8401,840,76,2,16068.2
8411,841,47,2,43942.02
8412,841,37,2,14081.92
8413,841,19,5,29504.0
8414,841,78,1,2598.51
8421,842,35,2,32148.54
8422,842,19,5,29504.0
8423,842,27,2,27275.18
8431,843,93,5,107805.35
8432,843,11,1,16165.96
8433,843,91,1,2239.33
8434,843,50,4,27958.24
8441,844,22,4,35344.56
8442,844,77,3,66033.72
8443,844,42,4,56581.08
8451,845,102,5,123060.25
8461,846,14,2,44716.8
8462,846,79,4,8782.84
8471,847,101,4,73449.44
8472,847,22,2,17672.28
8481,848,55,3,8181.84
8482,848,72,3,58729.05
8483,848,70,3,46259.31
8491,849,45,2,16457.2
8492,849,72,4,78305.4
8501,850,84,1,13712.75
8511,851,90,1,6137.81
8521,852,110,4,99929.68
8522,852,96,4,93680.4
8531,853,81,4,48577.68
8532,853,41,1,24743.32
8533,853,104,5,108054.9
8534,853,24,2,5544.54
8541,854,26,2,40549.28
8542,854,93,1,21561.07
8543,854,71,4,76726.04
8551,855,36,2,19138.86
8552,855,67,5,63821.8
8561,856,34,3,8923.62
8562,856,14,2,44716.8
8571,857,84,5,68563.75
8581,858,38,1,16376.87
8582,858,105,4,20640.48
8583,858,63,3,21111.66
8584,858,32,5,30417.55
8591,859,49,2,45812.84
8601,860,29,2,41640.82
8602,860,41,3,74229.96
8611,861,100,5,54388.4
8612,861,42,5,70726.35
8621,862,82,3,20981.67
8631,863,26,4,81098.56
8641,864,70,4,61679.08
8642,864,105,2,10320.24
8643,864,106,2,21672.2
8651,865,48,5,82791.25
8652,865,42,3,42435.81
8653,865,13,3,55630.62
8661,866,84,1,13712.75
8662,866,110,2,49964.84
8663,866,74,4,3908.72
8664,866,89,5,43915.5
8671,867,85,2,10856.4
8672,867,67,5,63821.8
8673,867,11,2,32331.92
8681,868,31,3,53286.03
8682,868,18,2,32844.34
8691,869,87,5,56167.25
8692,869,70,4,61679.08
8701,870,38,3,49130.61
8702,870,73,2,1028.02
8703,870,101,5,91811.8
8711,871,77,1,22011.24
8712,871,42,2,28290.54
8713,871,27,3,40912.77
8714,871,30,4,86447.28
8715,871,14,1,22358.4
8721,872,33,1,2454.9
8722,872,15,3,32511.24
8731,873,73,4,2056.04
8732,873,88,5,17323.0
8733,873,98,5,101418.4
8741,874,83,3,32600.64
8742,874,67,2,25528.72
8751,875,103,3,31092.66
8752,875,101,5,91811.8
8761,876,41,5,123716.6
8771,877,18,1,16422.17
8781,878,46,3,17007.24
8791,879,60,1,24291.42
8801,880,84,4,54851.0
8802,880,52,1,14822.36
8803,880,25,3,63790.83
8811,881,31,5,88810.05
8812,881,37,1,7040.96
8813,881,104,1,21610.98
8821,882,93,5,107805.35
8822,882,84,3,41138.25
8823,882,32,1,6083.51
8831,883,36,4,38277.72
8841,884,105,5,25800.6
8851,885,89,2,17566.2
8861,886,84,2,27425.5
8862,886,64,5,16165.15
8863,886,71,4,76726.04
8864,886,21,1,20242.57
8871,887,25,4,85054.44
8872,887,29,1,20820.41
8881,888,104,1,21610.98
8882,888,30,2,43223.64
8891,889,98,4,81134.72
8901,890,107,2,13240.52
8902,890,95,1,5748.8
8911,891,109,1,13982.97
8921,892,59,4,99619.88
8931,893,34,1,2974.54
8941,894,103,1,10364.22
8951,895,103,5,51821.1
8952,895,54,4,99758.68
8961,896,36,2,19138.86
8962,896,90,1,6137.81
8963,896,106,3,32508.3
8964,896,104,5,108054.9
8971,897,59,3,74714.91
8981,898,12,2,14476.44
8991,899,96,5,117100.5
8992,899,49,1,22906.42
9001,900,47,2,43942.02
9011,901,47,1,21971.01
9021,902,98,5,101418.4
9022,902,61,2,1562.58
9023,902,91,3,6717.99
9031,903,84,2,27425.5
9032,903,96,5,117100.5
9033,903,52,3,44467.08
9034,903,28,4,39096.36
9041,904,86,2,49762.32
9051,905,57,4,79623.76
9052,905,55,1,2727.28
9053,905,103,1,10364.22
9061,906,38,5,81884.35
9062,906,102,5,123060.25
9063,906,96,3,70260.3
9071,907,99,5,14374.0
9081,908,13,1,18543.54
9082,908,110,2,49964.84
9091,909,26,3,60823.92
9092,909,29,5,104102.05
9093,909,46,3,17007.24
9094,909,35,5,80371.35
9095,909,65,3,34848.69
9101,910,108,2,22713.4
9111,911,14,3,67075.2
9121,912,106,2,21672.2
9122,912,110,4,99929.68
9123,912,30,1,21611.82
9124,912,14,4,89433.6
9131,913,89,2,17566.2
9141,914,82,3,20981.67
9142,914,74,1,977.18
9151,915,90,1,6137.81
9161,916,103,4,41456.88
9162,916,21,4,80970.28
9171,917,13,2,37087.08
9172,917,63,3,21111.66
9173,917,40,5,22516.8
9174,917,27,1,13637.59
9181,918,44,2,12223.36
9191,919,98,1,20283.68
9192,919,91,2,4478.66
9193,919,93,3,64683.21
9201,920,18,1,16422.17
9211,921,57,4,79623.76
9221,922,83,4,43467.52
9222,922,109,3,41948.91
9223,922,92,5,30545.35
9224,922,68,1,22859.38
9225,922,58,3,6169.29
9231,923,97,3,36241.32
9232,923,110,3,74947.26
9241,924,33,2,4909.8
9251,925,24,2,5544.54
9261,926,43,1,21149.87
9262,926,70,1,15419.77
9263,926,66,1,21958.4
9271,927,109,5,69914.85
9272,927,26,1,20274.64
9281,928,14,4,89433.6
9291,929,23,4,95806.88
9292,929,68,3,68578.14
9301,930,22,4,35344.56
9302,930,73,5,2570.05
9303,930,31,1,17762.01
9311,931,77,3,66033.72
9312,931,23,4,95806.88
9321,932,86,1,24881.16
9331,933,24,4,11089.08
9332,933,54,1,24939.67
9333,933,101,2,36724.72
9334,933,18,5,82110.85
9341,934,68,1,22859.38
9351,935,70,2,30839.54
9361,936,17,3,3450.39
9371,937,78,3,7795.53
9381,938,36,2,19138.86
9382,938,62,1,17201.9
9391,939,14,4,89433.6
9392,939,13,2,37087.08
9393,939,83,3,32600.64
9401,940,78,3,7795.53
9402,940,97,4,48321.76
9411,941,65,3,34848.69
9412,941,87,4,44933.8
9421,942,26,5,101373.2
9431,943,36,2,19138.86
9441,944,31,3,53286.03
9442,944,67,4,51057.44
9451,945,66,5,109792.0
9452,945,30,1,21611.82
9453,945,21,5,101212.85
9454,945,56,2,6372.8
9461,946,100,1,10877.68
9462,946,71,1,19181.51
9463,946,13,3,55630.62
9471,947,65,3,34848.69
9472,947,23,3,71855.16
9481,948,14,1,22358.4
9482,948,107,1,6620.26
9491,949,86,4,99524.64
9501,950,26,1,20274.64
9502,950,43,1,21149.87
9511,951,44,5,30558.4
9512,951,85,5,27141.0
9513,951,41,1,24743.32
9521,952,83,3,32600.64
9522,952,107,5,33101.3
9523,952,100,1,10877.68
9531,953,96,1,23420.1
9541,954,33,1,2454.9
9551,955,88,5,17323.0
9561,956,86,3,74643.48
9571,957,87,4,44933.8
9572,957,74,5,4885.9
9581,958,74,2,1954.36
9582,958,92,1,6109.07
9591,959,86,4,99524.64
9601,960,64,5,16165.15
9602,960,59,5,124524.85
9611,961,24,1,2772.27
9612,961,63,2,14074.44
9613,961,59,2,49809.94
9621,962,17,4,4600.52
9622,962,73,5,2570.05
9631,963,40,2,9006.72
9641,964,66,5,109792.0
9642,964,34,5,14872.7
9643,964,37,5,35204.8
9651,965,83,1,10866.88
9661,966,68,2,45718.76
9662,966,12,4,28952.88
9663,966,19,2,11801.6
9664,966,102,1,24612.05
9665,966,44,2,12223.36
9671,967,76,5,40170.5
9672,967,69,2,15623.8
9681,968,63,1,7037.22
9691,969,95,3,17246.4
9692,969,96,1,23420.1
9693,969,14,5,111792.0
9701,970,21,5,101212.85
9702,970,41,5,123716.6
9703,970,58,5,10282.15
9704,970,98,5,101418.4
9711,971,110,4,99929.68
9712,971,85,2,10856.4
9721,972,21,5,101212.85
9722,972,67,5,63821.8
9723,972,13,5,92717.7
9724,972,104,3,64832.94
9731,973,76,4,32136.4
9732,973,14,3,67075.2
9733,973,20,3,60993.15
9734,973,80,5,96314.7
9741,974,108,1,11356.7
9751,975,56,5,15932.0
9752,975,77,2,44022.48
9761,976,67,3,38293.08
9762,976,75,4,88114.76
9771,977,80,3,57788.82
9772,977,33,5,12274.5
9773,977,18,1,16422.17
9774,977,14,4,89433.6
9781,978,71,1,19181.51
9782,978,96,2,46840.2
9791,979,59,3,74714.91
9792,979,83,5,54334.4
9793,979,21,4,80970.28
9801,980,93,1,21561.07
9811,981,76,3,24102.3
9812,981,74,2,1954.36
9813,981,97,5,60402.2
9814,981,86,4,99524.64
9821,982,75,4,88114.76
9822,982,30,4,86447.28
9831,983,96,1,23420.1
9832,983,72,3,58729.05
9841,984,56,2,6372.8
9851,985,44,4,24446.72
9852,985,22,1,8836.14
9853,985,85,3,16284.6
9861,986,74,2,1954.36
9862,986,81,2,24288.84
9871,987,97,5,60402.2
9872,987,99,5,14374.0
9881,988,103,4,41456.88
9891,989,110,4,99929.68
9901,990,95,4,22995.2
9902,990,96,2,46840.2
9911,991,16,5,29283.15
9921,992,100,4,43510.72
9922,992,92,4,24436.28
9923,992,47,5,109855.05
9924,992,89,2,17566.2
9931,993,89,3,26349.3
9932,993,65,4,46464.92
9933,993,14,5,111792.0
9941,994,19,4,23603.2
9951,995,82,3,20981.67
9961,996,29,2,41640.82
9971,997,56,4,12745.6
9972,997,85,3,16284.6
9973,997,108,5,56783.5
9974,997,42,5,70726.35
9975,997,91,2,4478.66
9981,998,84,2,27425.5
9991,999,62,5,86009.5
10001,1000,40,1,4503.36
10002,1000,89,4,35132.4
10011,1001,44,4,24446.72
10021,1002,107,4,26481.04
10022,1002,78,5,12992.55
10031,1003,65,5,58081.15
10032,1003,13,1,18543.54
10041,1004,20,2,40662.1
10051,1005,25,3,63790.83
10052,1005,86,5,124405.8
10053,1005,107,2,13240.52
10054,1005,103,2,20728.44
10055,1005,42,4,56581.08
10061,1006,38,4,65507.48
10071,1007,11,2,32331.92
10072,1007,54,1,24939.67
10073,1007,34,3,8923.62
10081,1008,76,1,8034.1
10091,1009,110,1,24982.42
10092,1009,100,2,21755.36
10101,1010,46,3,17007.24
10111,1011,44,5,30558.4
10112,1011,26,1,20274.64
10121,1012,94,2,12662.22
10122,1012,15,3,32511.24
10131,1013,83,4,43467.52
10141,1014,19,4,23603.2
10142,1014,71,1,19181.51
10151,1015,27,5,68187.95
10152,1015,100,5,54388.4
10153,1015,44,5,30558.4
10161,1016,91,5,11196.65
10162,1016,16,1,5856.63
10163,1016,80,4,77051.76
10171,1017,81,1,12144.42
10172,1017,29,3,62461.23
10181,1018,45,4,32914.4
10191,1019,24,3,8316.81
10192,1019,39,5,23464.5
10201,1020,61,4,3125.16
10211,1021,80,5,96314.7
10212,1021,65,5,58081.15
10213,1021,89,2,17566.2
10214,1021,95,5,28744.0
10221,1022,90,5,30689.05
10231,1023,75,5,110143.45
10232,1023,59,3,74714.91
10241,1024,22,3,26508.42
10242,1024,52,5,74111.8
10251,1025,51,1,14253.52
10261,1026,89,2,17566.2
10271,1027,97,4,48321.76
10272,1027,34,3,8923.62
10273,1027,18,2,32844.34
10281,1028,59,1,24904.97
10282,1028,99,3,8624.4
10291,1029,71,1,19181.51
10301,1030,104,2,43221.96
10302,1030,18,5,82110.85
10311,1031,109,4,55931.88
10312,1031,82,2,13987.78
10321,1032,42,2,28290.54
10322,1032,63,1,7037.22
10331,1033,44,3,18335.04
10332,1033,52,5,74111.8
10341,1034,73,1,514.01
10351,1035,87,5,56167.25
10361,1036,28,3,29322.27
10371,1037,85,2,10856.4
10372,1037,43,1,21149.87
10381,1038,59,4,99619.88
10391,1039,46,5,28345.4
10392,1039,105,5,25800.6
10401,1040,74,1,977.18
10402,1040,63,3,21111.66
10411,1041,44,3,18335.04
10412,1041,31,3,53286.03
10413,1041,12,4,28952.88
10421,1042,73,5,2570.05
10422,1042,107,1,6620.26
10423,1042,67,5,63821.8
10424,1042,54,4,99758.68
10431,1043,50,2,13979.12
10432,1043,109,2,27965.94
10433,1043,51,5,71267.6
10441,1044,14,2,44716.8
10442,1044,65,3,34848.69
10443,1044,27,3,40912.77
10451,1045,59,2,49809.94
10452,1045,27,4,54550.36
10453,1045,92,3,18327.21
10461,1046,17,3,3450.39
10462,1046,24,5,13861.35
10463,1046,61,5,3906.45
10471,1047,17,1,1150.13
10481,1048,97,2,24160.88
10482,1048,65,2,23232.46
10491,1049,30,3,64835.46
10501,1050,108,4,45426.8
10511,1051,72,4,78305.4
10512,1051,99,3,8624.4
10521,1052,108,5,56783.5
10522,1052,51,1,14253.52
10531,1053,24,1,2772.27
10541,1054,101,1,18362.36
10551,1055,75,3,66086.07
10561,1056,77,4,88044.96
10562,1056,92,1,6109.07
10571,1057,79,1,2195.71
10581,1058,86,5,124405.8
10591,1059,72,2,39152.7
10592,1059,102,1,24612.05
10593,1059,74,2,1954.36
10594,1059,82,5,34969.45
10595,1059,27,5,68187.95
10601,1060,56,4,12745.6
10602,1060,67,2,25528.72
10603,1060,12,4,28952.88
10604,1060,45,3,24685.8
10611,1061,92,1,6109.07
10612,1061,65,2,23232.46
10613,1061,20,1,20331.05
10614,1061,29,2,41640.82
10621,1062,40,4,18013.44
10622,1062,105,3,15480.36
10631,1063,55,5,13636.4
10641,1064,107,4,26481.04
10642,1064,79,5,10978.55
10643,1064,17,3,3450.39
10651,1065,92,2,12218.14
10652,1065,32,3,18250.53
10653,1065,58,2,4112.86
10654,1065,44,1,6111.68
10655,1065,76,5,40170.5
10661,1066,40,3,13510.08
10662,1066,75,3,66086.07
10671,1067,107,3,19860.78
10681,1068,97,4,48321.76
10691,1069,94,3,18993.33
10701,1070,70,3,46259.31
10711,1071,36,2,19138.86
10712,1071,20,2,40662.1
10713,1071,25,2,42527.22
10721,1072,68,5,114296.9
10722,1072,47,4,87884.04
10723,1072,109,5,69914.85
10724,1072,79,1,2195.71
10731,1073,110,2,49964.84
10732,1073,61,2,1562.58
10741,1074,93,2,43122.14
10742,1074,97,4,48321.76
10751,1075,35,5,80371.35
10761,1076,98,1,20283.68
10762,1076,32,4,24334.04
10771,1077,12,5,36191.1
10781,1078,19,5,29504.0
10791,1079,42,3,42435.81
10792,1079,16,2,11713.26
10793,1079,43,1,21149.87
10801,1080,40,3,13510.08
10811,1081,75,5,110143.45
10812,1081,29,2,41640.82
10813,1081,45,3,24685.8
10821,1082,50,1,6989.56
10822,1082,12,5,36191.1
10823,1082,15,1,10837.08
10831,1083,61,5,3906.45
10832,1083,67,3,38293.08
10833,1083,71,5,95907.55
10841,1084,65,3,34848.69
10842,1084,55,3,8181.84
10843,1084,33,3,7364.7
10844,1084,46,3,17007.24
10851,1085,17,5,5750.65
10861,1086,79,3,6587.13
10871,1087,71,5,95907.55
10872,1087,88,2,6929.2
10881,1088,81,1,12144.42
10882,1088,24,3,8316.81
10891,1089,87,1,11233.45
10901,1090,69,5,39059.5
10911,1091,43,4,84599.48
10912,1091,79,5,10978.55
10921,1092,65,5,58081.15
10922,1092,86,5,124405.8
10931,1093,108,1,11356.7
10932,1093,99,3,8624.4
10933,1093,87,3,33700.35
10941,1094,100,4,43510.72
10942,1094,28,1,9774.09
10951,1095,68,2,45718.76
10961,1096,40,1,4503.36
10971,1097,104,4,86443.92
10972,1097,87,3,33700.35
10973,1097,80,2,38525.88
10981,1098,37,5,35204.8
10991,1099,86,2,49762.32
10992,1099,68,5,114296.9
11001,1100,83,1,10866.88
11011,1101,25,5,106318.05
11021,1102,61,5,3906.45
11022,1102,31,2,35524.02
11031,1103,77,5,110056.2
11032,1103,76,2,16068.2
11033,1103,17,2,2300.26
11034,1103,102,2,49224.1
11035,1103,84,1,13712.75
11041,1104,25,1,21263.61
11051,1105,33,1,2454.9
11061,1106,99,5,14374.0
11071,1107,66,4,87833.6
11081,1108,14,5,111792.0
11091,1109,87,4,44933.8
11092,1109,96,4,93680.4
11093,1109,82,1,6993.89
11101,1110,21,3,60727.71
11111,1111,60,1,24291.42
11121,1112,103,2,20728.44
11131,1113,48,1,16558.25
11132,1113,51,5,71267.6
11133,1113,94,5,31655.55
11134,1113,42,1,14145.27
11141,1114,46,5,28345.4
11142,1114,64,2,6466.06
11143,1114,107,2,13240.52
11151,1115,63,5,35186.1
11161,1116,97,1,12080.44
11171,1117,36,1,9569.43
11181,1118,107,2,13240.52
11182,1118,62,1,17201.9
11191,1119,46,3,17007.24
11201,1120,86,1,24881.16
11202,1120,59,1,24904.97
11203,1120,67,4,51057.44
11204,1120,20,4,81324.2
11205,1120,53,4,41141.24
11211,1121,22,1,8836.14
11212,1121,20,4,81324.2
11221,1122,49,3,68719.26
11222,1122,22,1,8836.14
11223,1122,101,4,73449.44
11224,1122,39,5,23464.5
11231,1123,62,5,86009.5
11241,1124,86,5,124405.8
11242,1124,45,4,32914.4
11243,1124,109,1,13982.97
11251,1125,12,5,36191.1
11252,1125,58,2,4112.86
11261,1126,81,3,36433.26
11262,1126,36,5,47847.15
11271,1127,79,5,10978.55
11281,1128,62,4,68807.6
11282,1128,31,5,88810.05
11291,1129,12,2,14476.44
11292,1129,78,5,12992.55
11301,1130,82,5,34969.45
11302,1130,77,1,22011.24
11311,1131,98,4,81134.72
11312,1131,95,5,28744.0
11321,1132,14,3,67075.2
11331,1133,65,4,46464.92
11332,1133,34,1,2974.54
11333,1133,57,5,99529.7
11341,1134,59,5,124524.85
11342,1134,13,2,37087.08
11351,1135,22,2,17672.28
11361,1136,100,3,32633.04
11362,1136,108,4,45426.8
11371,1137,91,5,11196.65
11372,1137,77,2,44022.48
11373,1137,84,4,54851.0
11381,1138,21,5,101212.85
11391,1139,108,1,11356.7
11392,1139,84,4,54851.0
11393,1139,58,3,6169.29
11394,1139,28,3,29322.27
11401,1140,26,4,81098.56
11402,1140,69,4,31247.6
11411,1141,22,2,17672.28
11421,1142,60,2,48582.84
11422,1142,88,1,3464.6
11431,1143,97,5,60402.2
11441,1144,22,5,44180.7
11451,1145,62,3,51605.7
11452,1145,28,2,19548.18
11453,1145,66,2,43916.8
11461,1146,72,3,58729.05
11471,1147,20,1,20331.05
11472,1147,68,3,68578.14
11481,1148,57,1,19905.94
11482,1148,45,5,41143.0
11483,1148,27,3,40912.77
11491,1149,58,1,2056.43
11492,1149,73,3,1542.03
11501,1150,75,1,22028.69
11502,1150,27,5,68187.95
11511,1151,57,4,79623.76
11521,1152,101,1,18362.36
11522,1152,84,1,13712.75
11523,1152,13,4,74174.16
11531,1153,101,3,55087.08
11541,1154,17,2,2300.26
11542,1154,69,2,15623.8
11551,1155,46,5,28345.4
11552,1155,71,2,38363.02
11553,1155,33,5,12274.5
11561,1156,103,1,10364.22
11562,1156,46,1,5669.08
11571,1157,77,5,110056.2
11581,1158,99,3,8624.4
11591,1159,41,4,98973.28
11592,1159,22,1,8836.14
11593,1159,28,4,39096.36
11601,1160,80,4,77051.76
11602,1160,109,1,13982.97
11603,1160,58,1,2056.43
11604,1160,11,3,48497.88
11611,1161,93,1,21561.07
11612,1161,100,1,10877.68
11613,1161,107,5,33101.3
11614,1161,18,3,49266.51
11621,1162,89,1,8783.1
11622,1162,33,3,7364.7
11623,1162,70,2,30839.54
11624,1162,24,4,11089.08
11625,1162,95,1,5748.8
11631,1163,16,2,11713.26
11632,1163,106,4,43344.4
11633,1163,57,1,19905.94
11641,1164,28,1,9774.09
11642,1164,36,4,38277.72
11643,1164,16,1,5856.63
11651,1165,86,1,24881.16
11652,1165,51,1,14253.52
11653,1165,98,4,81134.72
11661,1166,100,1,10877.68
11671,1167,84,3,41138.25
11672,1167,50,3,20968.68
11673,1167,82,2,13987.78
11674,1167,102,2,49224.1
11681,1168,77,5,110056.2
11682,1168,70,5,77098.85
11683,1168,63,5,35186.1
11691,1169,63,3,21111.66
11701,1170,43,3,63449.61
11711,1171,109,5,69914.85
11712,1171,25,5,106318.05
11713,1171,63,2,14074.44
11714,1171,104,4,86443.92
11715,1171,22,2,17672.28
11721,1172,79,1,2195.71
11722,1172,21,1,20242.57
11723,1172,38,3,49130.61
11731,1173,30,3,64835.46
11741,1174,95,2,11497.6
11742,1174,89,2,17566.2
11743,1174,62,1,17201.9
11751,1175,48,3,49674.75
11752,1175,38,4,65507.48
11761,1176,108,2,22713.4
11771,1177,30,4,86447.28
11781,1178,62,5,86009.5
11782,1178,45,4,32914.4
11791,1179,65,4,46464.92
11801,1180,81,2,24288.84
11811,1181,43,5,105749.35
11812,1181,49,3,68719.26
11813,1181,80,2,38525.88
11814,1181,75,3,66086.07
11815,1181,35,2,32148.54
11821,1182,91,3,6717.99
11831,1183,28,1,9774.09
11832,1183,80,3,57788.82
11841,1184,68,4,91437.52
11851,1185,101,4,73449.44
11852,1185,17,5,5750.65
11853,1185,61,3,2343.87
11854,1185,57,3,59717.82
11861,1186,61,2,1562.58
11871,1187,34,1,2974.54
11881,1188,80,3,57788.82
11882,1188,53,1,10285.31
11891,1189,91,3,6717.99
11901,1190,96,2,46840.2
11902,1190,87,1,11233.45
11903,1190,24,1,2772.27
11911,1191,70,5,77098.85
11912,1191,110,1,24982.42
11913,1191,75,2,44057.38
11914,1191,60,3,72874.26
11915,1191,23,3,71855.16
11921,1192,67,1,12764.36
11922,1192,98,2,40567.36
11923,1192,60,2,48582.84
11931,1193,62,5,86009.5
11932,1193,102,3,73836.15
11941,1194,51,2,28507.04
11942,1194,45,1,8228.6
11943,1194,100,1,10877.68
11944,1194,21,2,40485.14
11951,1195,51,5,71267.6
11961,1196,18,1,16422.17
11971,1197,64,1,3233.03
11981,1198,25,3,63790.83
11991,1199,103,2,20728.44
12001,1200,55,3,8181.84
12002,1200,94,4,25324.44
12003,1200,98,5,101418.4
12004,1200,86,3,74643.48
12011,1201,47,1,21971.01
12021,1202,74,2,1954.36
12022,1202,23,2,47903.44
12023,1202,108,4,45426.8
12024,1202,67,5,63821.8
12025,1202,101,5,91811.8
12031,1203,56,5,15932.0
12041,1204,93,2,43122.14
12042,1204,14,1,22358.4
12051,1205,61,3,2343.87
12061,1206,90,1,6137.81
12062,1206,38,2,32753.74
12063,1206,49,5,114532.1
12064,1206,109,1,13982.97
12065,1206,103,1,10364.22
12071,1207,27,1,13637.59
12081,1208,65,3,34848.69
12082,1208,16,1,5856.63
12083,1208,75,1,22028.69
12084,1208,89,5,43915.5
12091,1209,89,1,8783.1
12101,1210,94,3,18993.33
12102,1210,54,3,74819.01
12103,1210,89,2,17566.2
12104,1210,33,3,7364.7
12105,1210,80,5,96314.7
12111,1211,16,3,17569.89
12121,1212,15,1,10837.08
12131,1213,73,5,2570.05
12132,1213,83,1,10866.88
12141,1214,61,4,3125.16
12142,1214,84,5,68563.75
12151,1215,80,4,77051.76
12161,1216,72,2,39152.7
12162,1216,44,4,24446.72
12163,1216,16,5,29283.15
12171,1217,98,2,40567.36
12181,1218,38,5,81884.35
12182,1218,95,3,17246.4
12183,1218,35,3,48222.81
12191,1219,58,1,2056.43
12192,1219,39,1,4692.9
12201,1220,69,4,31247.6
12211,1221,31,1,17762.01
12212,1221,53,2,20570.62
12213,1221,52,2,29644.72
12221,1222,12,4,28952.88
12222,1222,20,2,40662.1
12231,1223,51,3,42760.56
12232,1223,43,1,21149.87
12233,1223,27,4,54550.36
12234,1223,61,5,3906.45
12235,1223,34,3,8923.62
12241,1224,18,2,32844.34
12251,1225,84,2,27425.5
12252,1225,100,2,21755.36
12261,1226,50,1,6989.56
12262,1226,53,1,10285.31
12263,1226,23,1,23951.72
12271,1227,93,1,21561.07
12272,1227,64,3,9699.09
12281,1228,92,5,30545.35
12291,1229,63,3,21111.66
12292,1229,76,2,16068.2
12301,1230,25,1,21263.61
12311,1231,67,2,25528.72
12321,1232,89,3,26349.3
12322,1232,11,4,64663.84
12323,1232,47,3,65913.03
12331,1233,83,4,43467.52
12332,1233,82,3,20981.67
12333,1233,80,5,96314.7
12341,1234,22,5,44180.7
12342,1234,32,4,24334.04
12343,1234,86,3,74643.48
12344,1234,105,2,10320.24
12351,1235,40,2,9006.72
12361,1236,33,2,4909.8
12362,1236,12,4,28952.88
12371,1237,77,2,44022.48
12381,1238,70,4,61679.08
12391,1239,99,4,11499.2
12392,1239,87,1,11233.45
12393,1239,27,1,13637.59
12394,1239,11,3,48497.88
12401,1240,39,5,23464.5
12402,1240,102,1,24612.05
12403,1240,107,2,13240.52
12411,1241,100,2,21755.36
12421,1242,88,2,6929.2
12431,1243,78,1,2598.51
12441,1244,73,1,514.01
12442,1244,103,3,31092.66
12451,1245,66,1,21958.4
12452,1245,24,5,13861.35
12461,1246,79,3,6587.13
12462,1246,58,5,10282.15
12471,1247,104,3,64832.94
12472,1247,86,5,124405.8
12481,1248,99,1,2874.8
12482,1248,71,4,76726.04
12483,1248,32,5,30417.55
12491,1249,101,3,55087.08
12492,1249,17,2,2300.26
12501,1250,108,5,56783.5
12502,1250,100,2,21755.36
12511,1251,59,5,124524.85
12521,1252,76,5,40170.5
12522,1252,85,3,16284.6
12523,1252,72,3,58729.05
12524,1252,33,3,7364.7
12531,1253,95,2,11497.6
12532,1253,23,4,95806.88
12533,1253,76,2,16068.2
12534,1253,28,1,9774.09
12541,1254,81,2,24288.84
12551,1255,79,2,4391.42
12552,1255,27,2,27275.18
12561,1256,30,3,64835.46
12562,1256,18,1,16422.17
12571,1257,73,3,1542.03
12581,1258,104,5,108054.9
12582,1258,27,1,13637.59
12591,1259,57,5,99529.7
12601,1260,36,1,9569.43
12602,1260,100,2,21755.36
12611,1261,105,1,5160.12
12612,1261,12,2,14476.44
12613,1261,27,1,13637.59
12621,1262,102,2,49224.1
12631,1263,27,2,27275.18
12641,1264,74,1,977.18
12642,1264,56,2,6372.8
12643,1264,27,3,40912.77
12651,1265,16,2,11713.26
12652,1265,110,5,124912.1
12653,1265,108,1,11356.7
12661,1266,17,3,3450.39
12662,1266,63,4,28148.88
12671,1267,98,1,20283.68
12681,1268,87,2,22466.9
12691,1269,67,5,63821.8
12692,1269,69,1,7811.9
12693,1269,56,5,15932.0
12694,1269,61,5,3906.45
12701,1270,109,1,13982.97
12711,1271,94,5,31655.55
12712,1271,31,1,17762.01
12721,1272,98,1,20283.68
12722,1272,106,4,43344.4
12731,1273,88,1,3464.6
12741,1274,31,2,35524.02
12742,1274,85,1,5428.2
12743,1274,106,1,10836.1
12744,1274,78,3,7795.53
12751,1275,105,5,25800.6
12761,1276,19,4,23603.2
12762,1276,90,2,12275.62
12763,1276,60,2,48582.84
12771,1277,36,4,38277.72
12772,1277,26,4,81098.56
12781,1278,18,3,49266.51
12791,1279,58,4,8225.72
12792,1279,64,4,12932.12
12801,1280,16,2,11713.26
12802,1280,60,1,24291.42
12803,1280,40,5,22516.8
12804,1280,100,5,54388.4
12805,1280,61,4,3125.16
12811,1281,18,3,49266.51
12821,1282,110,3,74947.26
12822,1282,108,3,34070.1
12831,1283,67,4,51057.44
12832,1283,66,2,43916.8
12841,1284,88,2,6929.2
12842,1284,109,2,27965.94
12851,1285,55,3,8181.84
12852,1285,12,5,36191.1
12861,1286,69,2,15623.8
12871,1287,32,4,24334.04
12881,1288,26,1,20274.64
12891,1289,29,3,62461.23
12901,1290,63,2,14074.44
12911,1291,105,3,15480.36
12912,1291,54,3,74819.01
12913,1291,94,2,12662.22
12914,1291,82,1,6993.89
12921,1292,76,1,8034.1
12922,1292,92,5,30545.35
12931,1293,87,1,11233.45
12932,1293,98,5,101418.4
12933,1293,90,4,24551.24
12941,1294,41,3,74229.96
12951,1295,102,5,123060.25
12952,1295,21,4,80970.28
12953,1295,95,3,17246.4
12954,1295,87,2,22466.9
12961,1296,54,2,49879.34
12971,1297,103,3,31092.66
12972,1297,47,1,21971.01
12973,1297,69,3,23435.7
12974,1297,34,5,14872.7
12981,1298,42,3,42435.81
12991,1299,15,1,10837.08
12992,1299,99,3,8624.4
12993,1299,41,5,123716.6
12994,1299,20,4,81324.2
13001,1300,58,3,6169.29
13002,1300,103,3,31092.66
13011,1301,110,5,124912.1
13012,1301,104,3,64832.94
13013,1301,60,4,97165.68
13014,1301,99,3,8624.4
13021,1302,62,3,51605.7
13022,1302,86,3,74643.48
13023,1302,102,2,49224.1
13031,1303,41,4,98973.28
13041,1304,71,3,57544.53
13051,1305,104,5,108054.9
13061,1306,59,2,49809.94
13062,1306,19,3,17702.4
13063,1306,66,2,43916.8
13071,1307,54,3,74819.01
13081,1308,79,1,2195.71
13091,1309,90,5,30689.05
13092,1309,50,1,6989.56
13101,1310,34,5,14872.7
13102,1310,108,2,22713.4
13103,1310,62,3,51605.7
13111,1311,58,4,8225.72
13112,1311,84,3,41138.25
13113,1311,59,4,99619.88
13121,1312,41,1,24743.32
13131,1313,46,2,11338.16
13132,1313,28,3,29322.27
13141,1314,86,2,49762.32
13142,1314,26,4,81098.56
13143,1314,45,1,8228.6
13151,1315,47,5,109855.05
13152,1315,17,5,5750.65
13153,1315,96,2,46840.2
13154,1315,44,2,12223.36
13161,1316,31,3,53286.03
13162,1316,64,3,9699.09
13163,1316,25,3,63790.83
13171,1317,18,4,65688.68
13181,1318,39,4,18771.6
13182,1318,95,2,11497.6
13191,1319,98,1,20283.68
13201,1320,93,1,21561.07
13211,1321,78,2,5197.02
13212,1321,56,2,6372.8
13221,1322,21,4,80970.28
13222,1322,58,1,2056.43
13223,1322,104,5,108054.9
13224,1322,81,3,36433.26
13231,1323,37,3,21122.88
13241,1324,95,2,11497.6
13242,1324,46,4,22676.32
13243,1324,105,5,25800.6
13251,1325,44,4,24446.72
13252,1325,45,1,8228.6
13253,1325,98,1,20283.68
13261,1326,93,1,21561.07
13262,1326,31,5,88810.05
13271,1327,54,2,49879.34
13272,1327,105,2,10320.24
13281,1328,70,4,61679.08
13282,1328,68,4,91437.52
13283,1328,27,3,40912.77
13284,1328,84,4,54851.0
13291,1329,70,1,15419.77
13301,1330,18,1,16422.17
13311,1331,91,4,8957.32
13312,1331,100,5,54388.4
13313,1331,56,1,3186.4
13314,1331,30,1,21611.82
13321,1332,58,1,2056.43
13322,1332,52,1,14822.36
13323,1332,94,1,6331.11
13324,1332,77,2,44022.48
13331,1333,98,2,40567.36
13332,1333,33,1,2454.9
13341,1334,51,4,57014.08
13351,1335,35,4,64297.08
13352,1335,26,1,20274.64
13361,1336,40,1,4503.36
13362,1336,84,2,27425.5
13371,1337,78,1,2598.51
13372,1337,91,4,8957.32
13373,1337,99,2,5749.6
13381,1338,36,3,28708.29
13382,1338,26,3,60823.92
13383,1338,59,2,49809.94
13384,1338,90,5,30689.05
13391,1339,33,5,12274.5
13392,1339,103,2,20728.44
13393,1339,14,5,111792.0
13401,1340,73,2,1028.02
13402,1340,42,3,42435.81
13403,1340,55,5,13636.4
13411,1341,95,2,11497.6
13421,1342,29,4,83281.64
13422,1342,32,2,12167.02
13423,1342,30,5,108059.1
13424,1342,92,2,12218.14
13431,1343,88,3,10393.8
13432,1343,33,4,9819.6
13433,1343,11,2,32331.92
13434,1343,47,3,65913.03
13441,1344,40,4,18013.44
13451,1345,75,1,22028.69
13452,1345,55,4,10909.12
13461,1346,17,5,5750.65
13471,1347,16,4,23426.52
13472,1347,76,1,8034.1
13473,1347,34,5,14872.7
13474,1347,60,2,48582.84
13475,1347,88,2,6929.2
13481,1348,23,1,23951.72
13491,1349,30,1,21611.82
13492,1349,61,3,2343.87
13501,1350,81,5,60722.1
13502,1350,39,5,23464.5
13511,1351,34,1,2974.54
13512,1351,101,4,73449.44
13521,1352,91,3,6717.99
13522,1352,66,5,109792.0
13531,1353,110,3,74947.26
13532,1353,62,4,68807.6
13533,1353,72,3,58729.05
13534,1353,36,2,19138.86
13541,1354,38,2,32753.74
13551,1355,31,5,88810.05
13561,1356,24,5,13861.35
13571,1357,30,3,64835.46
13581,1358,96,5,117100.5
13582,1358,105,2,10320.24
13591,1359,96,2,46840.2
13592,1359,98,2,40567.36
13593,1359,91,3,6717.99
13601,1360,59,5,124524.85
13602,1360,34,3,8923.62
13611,1361,94,1,6331.11
13621,1362,42,2,28290.54
13622,1362,92,1,6109.07
13623,1362,103,1,10364.22
13624,1362,72,5,97881.75
13631,1363,61,4,3125.16
13641,1364,41,1,24743.32
13651,1365,51,5,71267.6
13652,1365,40,3,13510.08
13661,1366,94,2,12662.22
13662,1366,82,1,6993.89
13663,1366,52,1,14822.36
13671,1367,60,2,48582.84
13681,1368,18,3,49266.51
13682,1368,76,4,32136.4
13691,1369,103,4,41456.88
13701,1370,60,3,72874.26
13702,1370,19,3,17702.4
13711,1371,16,3,17569.89
13712,1371,57,5,99529.7
13713,1371,51,1,14253.52
13721,1372,91,3,6717.99
13722,1372,95,1,5748.8
13723,1372,19,4,23603.2
13731,1373,45,3,24685.8
13732,1373,20,3,60993.15
13733,1373,83,4,43467.52
13734,1373,109,3,41948.91
13735,1373,97,1,12080.44
13741,1374,96,5,117100.5
13742,1374,22,4,35344.56
13751,1375,38,3,49130.61
13752,1375,86,4,99524.64
13761,1376,56,1,3186.4
13762,1376,34,4,11898.16
13771,1377,28,2,19548.18
13772,1377,13,4,74174.16
13773,1377,43,2,42299.74
13781,1378,20,4,81324.2
13782,1378,90,1,6137.81
13791,1379,95,1,5748.8
13801,1380,20,2,40662.1
13811,1381,107,4,26481.04
13812,1381,102,5,123060.25
13821,1382,79,4,8782.84
13822,1382,83,4,43467.52
13831,1383,77,4,88044.96
13841,1384,32,4,24334.04
13851,1385,72,1,19576.35
13852,1385,40,5,22516.8
13861,1386,34,1,2974.54
13862,1386,27,4,54550.36
13863,1386,67,3,38293.08
13864,1386,94,5,31655.55
13865,1386,60,5,121457.1
13871,1387,71,5,95907.55
13872,1387,94,4,25324.44
13881,1388,92,2,12218.14
13891,1389,98,3,60851.04
13892,1389,84,2,27425.5
13893,1389,100,1,10877.68
13894,1389,99,5,14374.0
13901,1390,109,4,55931.88
13911,1391,35,1,16074.27
13921,1392,97,2,24160.88
13922,1392,103,2,20728.44
13923,1392,85,1,5428.2
13924,1392,92,2,12218.14
13925,1392,53,1,10285.31
13931,1393,86,1,24881.16
13941,1394,14,3,67075.2
13951,1395,59,3,74714.91
13952,1395,45,5,41143.0
13961,1396,47,1,21971.01
13962,1396,72,1,19576.35
13971,1397,64,5,16165.15
13981,1398,50,4,27958.24
13982,1398,80,4,77051.76
13991,1399,84,5,68563.75
13992,1399,68,4,91437.52
14001,1400,22,3,26508.42
14002,1400,64,4,12932.12
14003,1400,36,1,9569.43
14004,1400,60,3,72874.26
14011,1401,15,3,32511.24
14012,1401,13,3,55630.62
14013,1401,63,2,14074.44
14014,1401,42,4,56581.08
14021,1402,86,4,99524.64
14031,1403,83,4,43467.52
14032,1403,65,1,11616.23
14033,1403,89,1,8783.1
14034,1403,34,5,14872.7
14035,1403,70,3,46259.31
14041,1404,100,4,43510.72
14051,1405,37,1,7040.96
14061,1406,86,1,24881.16
14062,1406,70,2,30839.54
14071,1407,25,2,42527.22
14081,1408,70,2,30839.54
14082,1408,63,4,28148.88
14091,1409,21,3,60727.71
14101,1410,78,5,12992.55
14102,1410,90,5,30689.05
14111,1411,89,3,26349.3
14112,1411,61,4,3125.16
14113,1411,55,4,10909.12
14121,1412,53,3,30855.93
14131,1413,48,3,49674.75
14132,1413,106,1,10836.1
14133,1413,39,3,14078.7
14134,1413,50,5,34947.8
14141,1414,83,5,54334.4
14151,1415,107,2,13240.52
14152,1415,88,3,10393.8
14161,1416,68,3,68578.14
14171,1417,45,4,32914.4
14181,1418,78,5,12992.55
14191,1419,39,1,4692.9
14201,1420,75,2,44057.38
14202,1420,64,5,16165.15
14211,1421,103,5,51821.1
14212,1421,38,5,81884.35
14213,1421,84,5,68563.75
14221,1422,45,1,8228.6
14222,1422,23,1,23951.72
14223,1422,42,5,70726.35
14224,1422,31,4,71048.04
14231,1423,99,2,5749.6
14241,1424,72,1,19576.35
14251,1425,49,3,68719.26
14252,1425,77,2,44022.48
14261,1426,101,4,73449.44
14271,1427,71,5,95907.55
14281,1428,110,2,49964.84
14291,1429,12,1,7238.22
14301,1430,83,4,43467.52
14311,1431,59,5,124524.85
14312,1431,19,2,11801.6
14313,1431,29,5,104102.05
14321,1432,14,2,44716.8
14331,1433,56,1,3186.4
14332,1433,24,2,5544.54
14333,1433,28,4,39096.36
14334,1433,110,3,74947.26
14341,1434,56,4,12745.6
14342,1434,78,2,5197.02
14343,1434,101,3,55087.08
14344,1434,87,5,56167.25
14351,1435,97,4,48321.76
14361,1436,82,2,13987.78
14362,1436,66,1,21958.4
14363,1436,21,3,60727.71
14364,1436,84,3,41138.25
14365,1436,89,5,43915.5
14371,1437,44,3,18335.04
14381,1438,39,1,4692.9
14391,1439,80,5,96314.7
14401,1440,37,3,21122.88
14411,1441,35,2,32148.54
14412,1441,63,1,7037.22
14413,1441,31,2,35524.02
14414,1441,96,2,46840.2
14421,1442,48,2,33116.5
14431,1443,37,1,7040.96
14441,1444,40,4,18013.44
14451,1445,64,4,12932.12
14452,1445,75,5,110143.45
14453,1445,105,1,5160.12
14461,1446,94,3,18993.33
14471,1447,29,4,83281.64
14472,1447,83,5,54334.4
14473,1447,46,1,5669.08
14481,1448,94,1,6331.11
14491,1449,73,3,1542.03
14492,1449,67,1,12764.36
14501,1450,35,3,48222.81
14502,1450,15,2,21674.16
14511,1451,18,5,82110.85
14512,1451,30,3,64835.46
14513,1451,40,1,4503.36
14521,1452,82,5,34969.45
14531,1453,65,4,46464.92
14532,1453,61,3,2343.87
14533,1453,54,2,49879.34
14534,1453,34,2,5949.08
14541,1454,77,2,44022.48
14551,1455,40,2,9006.72
14552,1455,12,1,7238.22
14561,1456,62,5,86009.5
14571,1457,38,2,32753.74
14572,1457,37,2,14081.92
14573,1457,12,3,21714.66
14574,1457,40,4,18013.44
14575,1457,13,4,74174.16
14581,1458,104,1,21610.98
14582,1458,99,4,11499.2
14591,1459,57,4,79623.76
14592,1459,12,2,14476.44
14593,1459,67,4,51057.44
14601,1460,55,3,8181.84
14602,1460,107,2,13240.52
14611,1461,18,3,49266.51
14612,1461,33,2,4909.8
14613,1461,46,1,5669.08
14614,1461,93,1,21561.07
14621,1462,33,5,12274.5
14622,1462,40,3,13510.08
14623,1462,105,4,20640.48
14624,1462,85,2,10856.4
14631,1463,38,3,49130.61
14641,1464,27,3,40912.77
14642,1464,16,4,23426.52
14643,1464,80,1,19262.94
14651,1465,85,1,5428.2
14652,1465,105,4,20640.48
14653,1465,109,2,27965.94
14654,1465,13,2,37087.08
14661,1466,27,1,13637.59
14662,1466,48,3,49674.75
14671,1467,103,4,41456.88
14681,1468,44,1,6111.68
14682,1468,95,4,22995.2
14683,1468,80,4,77051.76
14684,1468,70,3,46259.31
14691,1469,63,5,35186.1
14692,1469,24,2,5544.54
14693,1469,90,3,18413.43
14701,1470,57,5,99529.7
14711,1471,67,2,25528.72
14721,1472,71,3,57544.53
14722,1472,91,5,11196.65
14723,1472,29,1,20820.41
14731,1473,51,5,71267.6
14741,1474,85,3,16284.6
14751,1475,108,5,56783.5
14761,1476,43,5,105749.35
14771,1477,29,2,41640.82
14772,1477,42,2,28290.54
14773,1477,73,4,2056.04
14781,1478,20,1,20331.05
14782,1478,34,2,5949.08
14791,1479,17,1,1150.13
14801,1480,76,2,16068.2
14802,1480,16,3,17569.89
14811,1481,81,1,12144.42
14812,1481,64,4,12932.12
14813,1481,106,1,10836.1
14814,1481,89,4,35132.4
14815,1481,17,3,3450.39
14821,1482,91,5,11196.65
14822,1482,39,2,9385.8
14831,1483,86,5,124405.8
14841,1484,99,2,5749.6
14842,1484,56,5,15932.0
14851,1485,108,1,11356.7
14861,1486,33,4,9819.6
14862,1486,29,4,83281.64
14871,1487,42,4,56581.08
14872,1487,39,2,9385.8
14873,1487,82,2,13987.78
14881,1488,48,2,33116.5
14891,1489,59,2,49809.94
14901,1490,52,3,44467.08
14911,1491,93,2,43122.14
14912,1491,59,2,49809.94
14921,1492,11,2,32331.92
14922,1492,99,2,5749.6
14923,1492,80,3,57788.82
14931,1493,67,1,12764.36
14941,1494,77,4,88044.96
14951,1495,85,1,5428.2
14952,1495,53,3,30855.93
14961,1496,32,3,18250.53
14962,1496,12,5,36191.1
14971,1497,109,3,41948.91
14972,1497,75,1,22028.69
14981,1498,51,4,57014.08
14982,1498,35,4,64297.08
14991,1499,100,2,21755.36
15001,1500,92,2,12218.14
15011,1501,87,3,33700.35
15021,1502,45,4,32914.4
15022,1502,34,4,11898.16
15031,1503,32,3,18250.53
15032,1503,31,5,88810.05
15041,1504,64,1,3233.03
15051,1505,55,5,13636.4
15052,1505,80,2,38525.88
15053,1505,21,1,20242.57
15054,1505,29,3,62461.23
15061,1506,31,5,88810.05
15062,1506,30,3,64835.46
15071,1507,52,4,59289.44
15081,1508,30,5,108059.1
15091,1509,107,5,33101.3
15101,1510,66,4,87833.6
15102,1510,42,2,28290.54
15111,1511,33,3,7364.7
15112,1511,90,2,12275.62
15121,1512,59,1,24904.97
15131,1513,44,5,30558.4
15141,1514,93,5,107805.35
15142,1514,96,3,70260.3
15151,1515,37,1,7040.96
15161,1516,79,1,2195.71
15171,1517,84,5,68563.75
15181,1518,39,1,4692.9
15182,1518,101,2,36724.72
15183,1518,31,2,35524.02
15184,1518,19,1,5900.8
15191,1519,33,3,7364.7
15192,1519,20,5,101655.25
15193,1519,58,1,2056.43
15194,1519,106,3,32508.3
15201,1520,66,4,87833.6
15202,1520,80,5,96314.7
15211,1521,62,1,17201.9
15212,1521,49,1,22906.42
15221,1522,25,3,63790.83
15222,1522,78,5,12992.55
15223,1522,52,5,74111.8
15231,1523,50,3,20968.68
15241,1524,97,4,48321.76
15242,1524,11,2,32331.92
15243,1524,16,5,29283.15
15251,1525,74,4,3908.72
15252,1525,67,2,25528.72
15253,1525,92,3,18327.21
15254,1525,78,5,12992.55
15261,1526,105,4,20640.48
15271,1527,47,3,65913.03
15272,1527,62,1,17201.9
15281,1528,103,2,20728.44
15282,1528,27,3,40912.77
15291,1529,25,2,42527.22
15292,1529,89,4,35132.4
15301,1530,33,2,4909.8
15302,1530,20,1,20331.05
15303,1530,35,3,48222.81
15311,1531,16,2,11713.26
15312,1531,47,5,109855.05
15321,1532,38,1,16376.87
15331,1533,73,5,2570.05
15341,1534,83,1,10866.88
15342,1534,109,4,55931.88
15343,1534,100,5,54388.4
15344,1534,25,4,85054.44
15351,1535,108,4,45426.8
15361,1536,87,3,33700.35
15362,1536,89,5,43915.5
15371,1537,23,2,47903.44
15372,1537,94,5,31655.55
15381,1538,25,5,106318.05
15382,1538,105,1,5160.12
15391,1539,66,4,87833.6
15401,1540,105,2,10320.24
15402,1540,99,1,2874.8
15411,1541,55,2,5454.56
15421,1542,80,5,96314.7
15422,1542,54,4,99758.68
15423,1542,35,2,32148.54
15431,1543,11,3,48497.88
15432,1543,52,2,29644.72
15433,1543,91,3,6717.99
15434,1543,16,2,11713.26
15441,1544,41,3,74229.96
15442,1544,81,5,60722.1
15443,1544,101,2,36724.72
15444,1544,11,4,64663.84
15451,1545,89,5,43915.5
15452,1545,32,5,30417.55
15453,1545,95,1,5748.8
15461,1546,61,5,3906.45
15471,1547,31,4,71048.04
15472,1547,69,2,15623.8
15481,1548,33,5,12274.5
15482,1548,82,4,27975.56
15483,1548,37,2,14081.92
15484,1548,75,2,44057.38
15491,1549,63,5,35186.1
15492,1549,106,3,32508.3
15493,1549,21,1,20242.57
15501,1550,80,2,38525.88
15502,1550,107,4,26481.04
15503,1550,109,4,55931.88
15504,1550,62,1,17201.9
15511,1551,81,3,36433.26
15521,1552,24,5,13861.35
15522,1552,11,2,32331.92
15523,1552,20,2,40662.1
15524,1552,35,2,32148.54
15525,1552,30,5,108059.1
15531,1553,97,5,60402.2
15541,1554,104,2,43221.96
15542,1554,39,4,18771.6
15543,1554,55,5,13636.4
15551,1555,19,3,17702.4
15552,1555,78,1,2598.51
15553,1555,72,4,78305.4
15561,1556,72,1,19576.35
15562,1556,74,4,3908.72
15563,1556,60,3,72874.26
15564,1556,23,5,119758.6
15565,1556,94,2,12662.22
15571,1557,79,5,10978.55
15581,1558,94,3,18993.33
15591,1559,20,5,101655.25
15601,1560,88,4,13858.4
15611,1561,25,5,106318.05
15612,1561,69,4,31247.6
15613,1561,75,5,110143.45
15614,1561,99,5,14374.0
15615,1561,56,2,6372.8
15621,1562,49,4,91625.68
15622,1562,55,2,5454.56
15631,1563,13,2,37087.08
15632,1563,102,4,98448.2
15633,1563,104,4,86443.92
15641,1564,62,5,86009.5
15651,1565,32,5,30417.55
15661,1566,84,4,54851.0
15662,1566,23,2,47903.44
15663,1566,28,3,29322.27
15664,1566,52,5,74111.8
15671,1567,83,3,32600.64
15672,1567,31,3,53286.03
15681,1568,45,4,32914.4
15691,1569,12,4,28952.88
15692,1569,108,3,34070.1
15701,1570,85,3,16284.6
15702,1570,88,4,13858.4
15703,1570,13,2,37087.08
15704,1570,67,5,63821.8
15711,1571,86,1,24881.16
15712,1571,49,4,91625.68
15721,1572,61,1,781.29
15722,1572,73,5,2570.05
15731,1573,87,4,44933.8
15741,1574,98,4,81134.72
15751,1575,56,5,15932.0
15761,1576,47,5,109855.05
15762,1576,62,2,34403.8
15763,1576,46,5,28345.4
15764,1576,20,5,101655.25
15771,1577,25,2,42527.22
15772,1577,63,3,21111.66
15773,1577,70,4,61679.08
15781,1578,91,2,4478.66
15782,1578,54,4,99758.68
15791,1579,79,3,6587.13
15792,1579,24,5,13861.35
15793,1579,59,5,124524.85
15801,1580,48,3,49674.75
15811,1581,88,2,6929.2
15821,1582,76,1,8034.1
15822,1582,61,3,2343.87
15831,1583,26,4,81098.56
15832,1583,15,1,10837.08
15833,1583,31,4,71048.04
15834,1583,62,4,68807.6
15835,1583,28,3,29322.27
15841,1584,18,5,82110.85
15842,1584,13,2,37087.08
15851,1585,43,3,63449.61
15861,1586,109,1,13982.97
15862,1586,39,5,23464.5
15871,1587,84,1,13712.75
15872,1587,82,3,20981.67
15873,1587,35,4,64297.08
15874,1587,96,3,70260.3
15881,1588,80,2,38525.88
15882,1588,81,5,60722.1
15891,1589,71,1,19181.51
15892,1589,44,5,30558.4
15901,1590,41,1,24743.32
15911,1591,68,3,68578.14
15921,1592,17,3,3450.39
15922,1592,11,4,64663.84
15923,1592,38,4,65507.48
15924,1592,16,1,5856.63
15931,1593,110,3,74947.26
15932,1593,87,2,22466.9
15941,1594,56,4,12745.6
15951,1595,82,3,20981.67
15961,1596,35,3,48222.81
15962,1596,67,4,51057.44
15963,1596,80,4,77051.76
15971,1597,75,4,88114.76
15972,1597,108,1,11356.7
15981,1598,78,2,5197.02
15982,1598,71,4,76726.04
15991,1599,15,2,21674.16
15992,1599,14,4,89433.6
15993,1599,25,3,63790.83
15994,1599,91,1,2239.33
16001,1600,45,3,24685.8
16011,1601,43,2,42299.74
16021,1602,16,4,23426.52
16022,1602,61,3,2343.87
16031,1603,65,4,46464.92
16032,1603,82,3,20981.67
16041,1604,15,4,43348.32
16051,1605,110,2,49964.84
16061,1606,55,5,13636.4
16071,1607,72,3,58729.05
16072,1607,28,4,39096.36
16081,1608,34,1,2974.54
16082,1608,26,3,60823.92
16083,1608,88,2,6929.2
16091,1609,92,3,18327.21
16101,1610,14,4,89433.6
16102,1610,44,3,18335.04
16111,1611,60,5,121457.1
16112,1611,49,3,68719.26
16121,1612,52,5,74111.8
16122,1612,58,2,4112.86
16131,1613,52,1,14822.36
16132,1613,32,2,12167.02
16141,1614,51,4,57014.08
16142,1614,11,1,16165.96
16151,1615,47,1,21971.01
16152,1615,53,2,20570.62
16153,1615,104,5,108054.9
16154,1615,55,1,2727.28
16155,1615,38,1,16376.87
16161,1616,61,2,1562.58
16162,1616,27,1,13637.59
16163,1616,95,1,5748.8
16171,1617,110,2,49964.84
16172,1617,71,4,76726.04
16173,1617,41,4,98973.28
16174,1617,92,2,12218.14
16181,1618,45,5,41143.0
16182,1618,79,2,4391.42
16191,1619,82,3,20981.67
16192,1619,52,5,74111.8
16201,1620,34,5,14872.7
16211,1621,32,3,18250.53
16212,1621,98,2,40567.36
16221,1622,51,1,14253.52
16222,1622,23,5,119758.6
16223,1622,62,3,51605.7
16231,1623,89,4,35132.4
16232,1623,21,1,20242.57
16241,1624,17,5,5750.65
16251,1625,17,1,1150.13
16252,1625,57,3,59717.82
16253,1625,50,4,27958.24
16254,1625,87,4,44933.8
16261,1626,71,2,38363.02
16271,1627,92,2,12218.14
16272,1627,38,3,49130.61
16273,1627,56,4,12745.6
16281,1628,104,4,86443.92
16282,1628,106,1,10836.1
16283,1628,48,3,49674.75
16284,1628,25,5,106318.05
16291,1629,84,4,54851.0
16301,1630,48,5,82791.25
16311,1631,53,2,20570.62
16321,1632,79,2,4391.42
16322,1632,14,2,44716.8
16331,1633,38,4,65507.48
16341,1634,19,2,11801.6
16351,1635,93,5,107805.35
16361,1636,34,4,11898.16
16362,1636,65,5,58081.15
16363,1636,15,5,54185.4
16364,1636,76,2,16068.2
16371,1637,82,2,13987.78
16372,1637,19,4,23603.2
16373,1637,56,5,15932.0
16381,1638,12,5,36191.1
16382,1638,47,4,87884.04
16391,1639,98,1,20283.68
16401,1640,26,4,81098.56
16411,1641,63,2,14074.44
16412,1641,52,3,44467.08
16421,1642,72,1,19576.35
16422,1642,76,5,40170.5
16423,1642,17,5,5750.65
16431,1643,56,2,6372.8
16432,1643,65,3,34848.69
16433,1643,98,3,60851.04
16434,1643,72,4,78305.4
16441,1644,105,4,20640.48
16442,1644,72,4,78305.4
16451,1645,86,2,49762.32
16452,1645,61,2,1562.58
16453,1645,19,4,23603.2
16454,1645,50,2,13979.12
16461,1646,84,4,54851.0
16462,1646,43,4,84599.48
16471,1647,54,1,24939.67
16481,1648,84,1,13712.75
16482,1648,85,1,5428.2
16491,1649,79,5,10978.55
16501,1650,72,5,97881.75
16502,1650,40,1,4503.36
16511,1651,40,3,13510.08
16512,1651,98,2,40567.36
16521,1652,21,5,101212.85
16531,1653,95,3,17246.4
16532,1653,77,3,66033.72
16541,1654,48,4,66233.0
16551,1655,76,5,40170.5
16561,1656,107,5,33101.3
16571,1657,85,2,10856.4
16572,1657,58,5,10282.15
16573,1657,67,3,38293.08
16581,1658,73,5,2570.05
16582,1658,53,3,30855.93
16583,1658,92,5,30545.35
16591,1659,77,1,22011.24
16601,1660,17,1,1150.13
16602,1660,33,4,9819.6
16603,1660,29,5,104102.05
16611,1661,79,1,2195.71
16612,1661,88,2,6929.2
16621,1662,80,2,38525.88
16631,1663,68,4,91437.52
16632,1663,21,1,20242.57
16641,1664,107,3,19860.78
16642,1664,85,3,16284.6
16643,1664,78,1,2598.51
16644,1664,49,3,68719.26
16651,1665,37,2,14081.92
16652,1665,65,5,58081.15
16653,1665,74,4,3908.72
16661,1666,24,1,2772.27
16662,1666,21,2,40485.14
16663,1666,34,5,14872.7
16664,1666,103,5,51821.1
16665,1666,38,3,49130.61
16671,1667,79,1,2195.71
16672,1667,25,5,106318.05
16673,1667,110,2,49964.84
16681,1668,73,1,514.01
16682,1668,79,3,6587.13
16691,1669,54,5,124698.35
16692,1669,84,5,68563.75
16693,1669,12,2,14476.44
16694,1669,13,1,18543.54
16701,1670,84,3,41138.25
16702,1670,17,3,3450.39
16711,1671,65,4,46464.92
16721,1672,39,1,4692.9
16722,1672,58,3,6169.29
16731,1673,79,4,8782.84
16732,1673,107,1,6620.26
16733,1673,13,3,55630.62
16741,1674,97,4,48321.76
16751,1675,106,1,10836.1
16761,1676,41,5,123716.6
16771,1677,42,5,70726.35
16781,1678,84,4,54851.0
16791,1679,93,3,64683.21
16801,1680,42,4,56581.08
16811,1681,18,5,82110.85
16821,1682,79,1,2195.71
16831,1683,102,3,73836.15
16832,1683,26,1,20274.64
16833,1683,16,2,11713.26
16834,1683,47,3,65913.03
16841,1684,70,2,30839.54
16851,1685,54,5,124698.35
16852,1685,100,4,43510.72
16861,1686,107,4,26481.04
16871,1687,67,1,12764.36
16881,1688,55,5,13636.4
16891,1689,62,2,34403.8
16892,1689,83,3,32600.64
16893,1689,42,2,28290.54
16901,1690,18,3,49266.51
16902,1690,101,5,91811.8
16903,1690,11,3,48497.88
16911,1691,107,3,19860.78
16912,1691,66,4,87833.6
16913,1691,22,2,17672.28
16914,1691,57,1,19905.94
16915,1691,92,3,18327.21
16921,1692,59,5,124524.85
16922,1692,41,2,49486.64
16923,1692,85,3,16284.6
16924,1692,73,3,1542.03
16931,1693,25,3,63790.83
16932,1693,23,2,47903.44
16933,1693,59,4,99619.88
16941,1694,89,2,17566.2
16942,1694,16,4,23426.52
16943,1694,95,4,22995.2
16944,1694,28,2,19548.18
16945,1694,76,4,32136.4
16951,1695,31,5,88810.05
16961,1696,109,4,55931.88
16962,1696,94,4,25324.44
16971,1697,42,3,42435.81
16981,1698,21,4,80970.28
16991,1699,43,4,84599.48
16992,1699,19,1,5900.8
16993,1699,101,1,18362.36
17001,1700,90,2,12275.62
17002,1700,100,3,32633.04
17003,1700,70,5,77098.85
17004,1700,52,3,44467.08
17011,1701,44,3,18335.04
17012,1701,16,1,5856.63
17021,1702,96,5,117100.5
17031,1703,28,2,19548.18
17032,1703,73,1,514.01
17041,1704,73,4,2056.04
17051,1705,28,5,48870.45
17061,1706,44,4,24446.72
17062,1706,92,1,6109.07
17063,1706,97,5,60402.2
17064,1706,45,5,41143.0
17071,1707,51,2,28507.04
17081,1708,84,4,54851.0
17082,1708,63,4,28148.88
17083,1708,16,3,17569.89
17084,1708,64,5,16165.15
17091,1709,99,5,14374.0
17092,1709,11,2,32331.92
17101,1710,79,3,6587.13
17111,1711,76,3,24102.3
17112,1711,69,3,23435.7
17113,1711,108,1,11356.7
17114,1711,45,2,16457.2
17121,1712,109,4,55931.88
17122,1712,53,2,20570.62
17123,1712,79,4,8782.84
17131,1713,45,2,16457.2
17141,1714,65,5,58081.15
17151,1715,26,1,20274.64
17152,1715,24,2,5544.54
17153,1715,107,3,19860.78
17154,1715,60,2,48582.84
17155,1715,45,5,41143.0
17161,1716,77,5,110056.2
17162,1716,19,4,23603.2
17171,1717,71,4,76726.04
17181,1718,56,2,6372.8
17182,1718,76,2,16068.2
17191,1719,47,4,87884.04
17201,1720,43,2,42299.74
17202,1720,23,1,23951.72
17211,1721,90,3,18413.43
17212,1721,25,2,42527.22
17221,1722,92,1,6109.07
17222,1722,64,2,6466.06
17231,1723,61,3,2343.87
17232,1723,28,3,29322.27
17241,1724,16,2,11713.26
17242,1724,44,2,12223.36
17243,1724,19,1,5900.8
17251,1725,103,3,31092.66
17252,1725,94,4,25324.44
17261,1726,11,3,48497.88
17262,1726,45,1,8228.6
17271,1727,101,4,73449.44
17281,1728,101,1,18362.36
17282,1728,45,5,41143.0
17291,1729,45,3,24685.8
17301,1730,41,5,123716.6
17302,1730,81,4,48577.68
17303,1730,93,5,107805.35
17304,1730,20,3,60993.15
17305,1730,18,1,16422.17
17311,1731,29,1,20820.41
17312,1731,107,5,33101.3
17313,1731,46,5,28345.4
17314,1731,80,4,77051.76
17315,1731,70,2,30839.54
17321,1732,43,2,42299.74
17322,1732,84,2,27425.5
17323,1732,63,2,14074.44
17331,1733,74,3,2931.54
17341,1734,34,3,8923.62
17342,1734,48,2,33116.5
17343,1734,12,2,14476.44
17351,1735,24,5,13861.35
17352,1735,79,1,2195.71
17361,1736,50,4,27958.24
17371,1737,23,4,95806.88
17372,1737,99,2,5749.6
17381,1738,12,2,14476.44
17391,1739,68,2,45718.76
17392,1739,99,1,2874.8
17401,1740,30,3,64835.46
17402,1740,110,2,49964.84
17403,1740,15,4,43348.32
17404,1740,87,4,44933.8
17411,1741,19,2,11801.6
17412,1741,84,4,54851.0
17413,1741,57,5,99529.7
17421,1742,12,4,28952.88
17422,1742,54,4,99758.68
17431,1743,14,1,22358.4
17432,1743,18,4,65688.68
17441,1744,53,5,51426.55
17451,1745,14,2,44716.8
17452,1745,70,1,15419.77
17453,1745,38,4,65507.48
17454,1745,89,2,17566.2
17455,1745,22,2,17672.28
17461,1746,37,5,35204.8
17471,1747,83,5,54334.4
17472,1747,16,4,23426.52
17473,1747,106,1,10836.1
17481,1748,74,2,1954.36
17482,1748,29,1,20820.41
17491,1749,43,3,63449.61
17501,1750,101,4,73449.44
17502,1750,110,1,24982.42
17503,1750,46,4,22676.32
17504,1750,106,1,10836.1
17511,1751,81,4,48577.68
17512,1751,19,1,5900.8
17521,1752,50,4,27958.24
17522,1752,42,1,14145.27
17531,1753,29,2,41640.82
17532,1753,39,2,9385.8
17533,1753,108,3,34070.1
17534,1753,49,2,45812.84
17535,1753,48,1,16558.25
17541,1754,12,3,21714.66
17542,1754,29,2,41640.82
17551,1755,86,3,74643.48
17561,1756,29,1,20820.41
17562,1756,104,5,108054.9
17563,1756,96,3,70260.3
17571,1757,68,4,91437.52
17581,1758,59,2,49809.94
17582,1758,89,4,35132.4
17583,1758,13,3,55630.62
17584,1758,37,3,21122.88
17591,1759,27,4,54550.36
17601,1760,94,5,31655.55
17602,1760,70,3,46259.31
17611,1761,14,3,67075.2
17612,1761,97,3,36241.32
17613,1761,28,3,29322.27
17621,1762,55,4,10909.12
17622,1762,25,1,21263.61
17631,1763,24,5,13861.35
17641,1764,51,5,71267.6
17642,1764,79,1,2195.71
17651,1765,66,5,109792.0
17661,1766,107,5,33101.3
17662,1766,100,5,54388.4
17663,1766,47,4,87884.04
17664,1766,104,3,64832.94
17671,1767,65,4,46464.92
17672,1767,76,2,16068.2
17681,1768,59,1,24904.97
17691,1769,75,4,88114.76
17692,1769,78,3,7795.53
17693,1769,45,1,8228.6
17694,1769,50,5,34947.8
17701,1770,67,1,12764.36
17702,1770,95,5,28744.0
17703,1770,82,1,6993.89
17711,1771,73,5,2570.05
17712,1771,48,5,82791.25
17721,1772,66,3,65875.2
17731,1773,62,5,86009.5
17741,1774,108,2,22713.4
17742,1774,78,4,10394.04
17743,1774,109,5,69914.85
17751,1775,91,3,6717.99
17752,1775,27,5,68187.95
17753,1775,36,3,28708.29
17754,1775,52,5,74111.8
17755,1775,40,4,18013.44
17761,1776,16,5,29283.15
17771,1777,39,5,23464.5
17781,1778,63,2,14074.44
17782,1778,51,1,14253.52
17783,1778,46,2,11338.16
17784,1778,66,1,21958.4
17785,1778,34,2,5949.08
17791,1779,104,4,86443.92
17801,1780,106,1,10836.1
17802,1780,29,3,62461.23
17811,1781,11,1,16165.96
17812,1781,37,1,7040.96
17813,1781,108,1,11356.7
17814,1781,38,1,16376.87
17821,1782,59,3,74714.91
17822,1782,42,4,56581.08
17831,1783,86,5,124405.8
17832,1783,25,1,21263.61
17841,1784,77,5,110056.2
17851,1785,83,3,32600.64
17852,1785,22,1,8836.14
17853,1785,26,4,81098.56
17861,1786,13,4,74174.16
17862,1786,85,5,27141.0
17863,1786,22,2,17672.28
17871,1787,28,2,19548.18
17872,1787,98,4,81134.72
17873,1787,74,5,4885.9
17881,1788,109,4,55931.88
17882,1788,84,5,68563.75
17891,1789,12,5,36191.1
17901,1790,54,1,24939.67
17902,1790,49,5,114532.1
17903,1790,80,4,77051.76
17911,1791,44,2,12223.36
17912,1791,60,1,24291.42
17921,1792,87,5,56167.25
17931,1793,98,2,40567.36
17932,1793,39,4,18771.6
17941,1794,23,2,47903.44
17951,1795,21,5,101212.85
17952,1795,23,5,119758.6
17953,1795,77,3,66033.72
17954,1795,51,3,42760.56
17955,1795,22,3,26508.42
17961,1796,108,3,34070.1
17962,1796,84,2,27425.5
17971,1797,35,1,16074.27
17972,1797,92,3,18327.21
17973,1797,44,2,12223.36
17974,1797,96,3,70260.3
17975,1797,12,2,14476.44
17981,1798,63,1,7037.22
17991,1799,59,5,124524.85
17992,1799,84,5,68563.75
18001,1800,85,3,16284.6
18011,1801,66,1,21958.4
18012,1801,67,1,12764.36
18013,1801,29,1,20820.41
18014,1801,102,5,123060.25
18021,1802,93,1,21561.07
18031,1803,101,1,18362.36
18032,1803,109,5,69914.85
18033,1803,80,2,38525.88
18041,1804,94,5,31655.55
18042,1804,39,3,14078.7
18043,1804,76,1,8034.1
18044,1804,68,2,45718.76
18051,1805,61,5,3906.45
18052,1805,29,1,20820.41
18053,1805,15,4,43348.32
18054,1805,78,3,7795.53
18055,1805,55,3,8181.84
18061,1806,70,2,30839.54
18062,1806,40,4,18013.44
18063,1806,56,3,9559.2
18064,1806,92,2,12218.14
18071,1807,39,3,14078.7
18072,1807,55,1,2727.28
18073,1807,69,2,15623.8
18074,1807,13,5,92717.7
18075,1807,12,1,7238.22
18081,1808,82,1,6993.89
18082,1808,28,5,48870.45
18083,1808,81,1,12144.42
18084,1808,100,4,43510.72
18085,1808,53,1,10285.31
18091,1809,91,3,6717.99
18092,1809,52,5,74111.8
18101,1810,96,4,93680.4
18111,1811,15,1,10837.08
18121,1812,33,1,2454.9
18122,1812,39,3,14078.7
18131,1813,14,1,22358.4
18132,1813,17,2,2300.26
18141,1814,77,4,88044.96
18142,1814,29,1,20820.41
18151,1815,103,2,20728.44
18161,1816,27,5,68187.95
18171,1817,91,3,6717.99
18172,1817,65,1,11616.23
18173,1817,19,2,11801.6
18181,1818,44,5,30558.4
18191,1819,12,4,28952.88
18192,1819,74,4,3908.72
18193,1819,105,3,15480.36
18201,1820,109,3,41948.91
18211,1821,103,1,10364.22
18221,1822,50,4,27958.24
18222,1822,94,2,12662.22
18223,1822,33,3,7364.7
18224,1822,29,4,83281.64
18225,1822,67,1,12764.36
18231,1823,22,3,26508.42
18241,1824,57,4,79623.76
18251,1825,91,3,6717.99
18252,1825,37,4,28163.84
18253,1825,104,2,43221.96
18261,1826,55,5,13636.4
18271,1827,21,2,40485.14
18272,1827,73,3,1542.03
18273,1827,63,1,7037.22
18274,1827,79,2,4391.42
18275,1827,32,4,24334.04
18281,1828,34,4,11898.16
18282,1828,61,1,781.29
18291,1829,64,4,12932.12
18292,1829,101,3,55087.08
18301,1830,62,1,17201.9
18302,1830,30,5,108059.1
18303,1830,27,4,54550.36
18304,1830,46,4,22676.32
18311,1831,67,3,38293.08
18312,1831,76,4,32136.4
18313,1831,45,4,32914.4
18314,1831,90,1,6137.81
18321,1832,85,2,10856.4
18322,1832,18,3,49266.51
18331,1833,63,1,7037.22
18341,1834,49,4,91625.68
18342,1834,75,3,66086.07
18343,1834,83,2,21733.76
18351,1835,51,3,42760.56
18361,1836,50,4,27958.24
18362,1836,17,4,4600.52
18363,1836,103,5,51821.1
18371,1837,25,2,42527.22
18381,1838,92,4,24436.28
18391,1839,88,3,10393.8
18392,1839,105,2,10320.24
18393,1839,107,3,19860.78
18401,1840,33,1,2454.9
18411,1841,95,1,5748.8
18412,1841,99,1,2874.8
18413,1841,46,1,5669.08
18414,1841,47,5,109855.05
18415,1841,93,4,86244.28
18421,1842,80,5,96314.7
18422,1842,81,2,24288.84
18423,1842,21,4,80970.28
18431,1843,96,4,93680.4
18441,1844,39,3,14078.7
18451,1845,47,5,109855.05
18452,1845,75,2,44057.38
18461,1846,78,5,12992.55
18462,1846,77,4,88044.96
18463,1846,46,5,28345.4
18471,1847,62,4,68807.6
18481,1848,110,1,24982.42
18491,1849,23,1,23951.72
18501,1850,34,2,5949.08
18502,1850,22,3,26508.42
18503,1850,31,1,17762.01
18504,1850,58,2,4112.86
18505,1850,50,2,13979.12
18511,1851,26,3,60823.92
18512,1851,101,5,91811.8
18513,1851,62,5,86009.5
18514,1851,17,4,4600.52
18521,1852,41,4,98973.28
18531,1853,102,5,123060.25
18541,1854,18,2,32844.34
18551,1855,100,2,21755.36
18561,1856,68,5,114296.9
18571,1857,90,1,6137.81
18572,1857,88,1,3464.6
18573,1857,17,3,3450.39
18581,1858,12,2,14476.44
18591,1859,71,1,19181.51
18601,1860,107,4,26481.04
18611,1861,86,5,124405.8
18612,1861,70,4,61679.08
18613,1861,108,1,11356.7
18621,1862,24,4,11089.08
18622,1862,91,2,4478.66
18623,1862,107,3,19860.78
18631,1863,89,1,8783.1
18632,1863,107,5,33101.3
18641,1864,85,3,16284.6
18651,1865,92,3,18327.21
18652,1865,70,3,46259.31
18653,1865,78,1,2598.51
18661,1866,20,4,81324.2
18662,1866,37,3,21122.88
18671,1867,78,2,5197.02
18681,1868,13,5,92717.7
18682,1868,71,5,95907.55
18683,1868,32,4,24334.04
18691,1869,11,2,32331.92
18692,1869,71,4,76726.04
18701,1870,18,2,32844.34
18702,1870,102,4,98448.2
18711,1871,64,1,3233.03
18721,1872,81,5,60722.1
18722,1872,99,1,2874.8
18731,1873,71,2,38363.02
18732,1873,30,5,108059.1
18733,1873,27,5,68187.95
18741,1874,60,4,97165.68
18742,1874,43,4,84599.48
18751,1875,79,3,6587.13
18752,1875,36,2,19138.86
18753,1875,73,1,514.01
18761,1876,64,1,3233.03
18762,1876,82,1,6993.89
18771,1877,47,5,109855.05
18781,1878,103,5,51821.1
18791,1879,56,4,12745.6
18801,1880,75,3,66086.07
18802,1880,15,3,32511.24
18803,1880,12,2,14476.44
18804,1880,32,2,12167.02
18811,1881,61,2,1562.58
18821,1882,26,4,81098.56
18831,1883,60,4,97165.68
18832,1883,88,5,17323.0
18841,1884,69,3,23435.7
18851,1885,71,1,19181.51
18861,1886,67,3,38293.08
18871,1887,90,1,6137.81
18881,1888,57,2,39811.88
18891,1889,18,1,16422.17
18901,1890,49,1,22906.42
18902,1890,29,1,20820.41
18903,1890,60,4,97165.68
18911,1891,38,5,81884.35
18912,1891,36,3,28708.29
18913,1891,57,2,39811.88
18914,1891,16,3,17569.89
18921,1892,100,1,10877.68
18922,1892,106,5,54180.5
18923,1892,99,5,14374.0
18931,1893,84,3,41138.25
18932,1893,28,5,48870.45
18933,1893,47,1,21971.01
18934,1893,80,2,38525.88
18941,1894,49,1,22906.42
18951,1895,87,3,33700.35
18952,1895,20,2,40662.1
18953,1895,12,1,7238.22
18961,1896,58,1,2056.43
18971,1897,103,3,31092.66
18981,1898,102,3,73836.15
18982,1898,81,4,48577.68
18983,1898,60,2,48582.84
18991,1899,89,3,26349.3
19001,1900,81,1,12144.42
19011,1901,52,1,14822.36
19021,1902,108,4,45426.8
19022,1902,46,3,17007.24
19023,1902,74,2,1954.36
19031,1903,85,1,5428.2
19032,1903,65,3,34848.69
19041,1904,81,3,36433.26
19042,1904,54,1,24939.67
19051,1905,109,1,13982.97
19061,1906,74,2,1954.36
19062,1906,53,5,51426.55
19063,1906,23,3,71855.16
19064,1906,28,5,48870.45
19071,1907,23,3,71855.16
19072,1907,54,3,74819.01
19081,1908,92,1,6109.07
19091,1909,87,2,22466.9
19092,1909,70,4,61679.08
19093,1909,31,1,17762.01
19101,1910,48,4,66233.0
19111,1911,58,4,8225.72
19112,1911,109,4,55931.88
19113,1911,46,4,22676.32
19121,1912,56,1,3186.4
19131,1913,14,2,44716.8
19132,1913,69,1,7811.9
19141,1914,70,4,61679.08
19142,1914,26,3,60823.92
19143,1914,57,4,79623.76
19151,1915,93,2,43122.14
19152,1915,107,4,26481.04
19161,1916,18,1,16422.17
19162,1916,38,4,65507.48
19171,1917,40,5,22516.8
19181,1918,34,4,11898.16
19191,1919,20,3,60993.15
19201,1920,52,4,59289.44
19202,1920,101,2,36724.72
19211,1921,31,5,88810.05
19221,1922,44,4,24446.72
19231,1923,62,4,68807.6
19232,1923,29,2,41640.82
19241,1924,49,4,91625.68
19242,1924,16,4,23426.52
19251,1925,28,4,39096.36
19252,1925,12,4,28952.88
19261,1926,29,1,20820.41
19262,1926,72,2,39152.7
19271,1927,37,4,28163.84
19272,1927,104,4,86443.92
19273,1927,81,2,24288.84
19274,1927,62,3,51605.7
19281,1928,38,4,65507.48
19282,1928,78,5,12992.55
19291,1929,88,1,3464.6
19292,1929,17,3,3450.39
19293,1929,63,5,35186.1
19301,1930,77,2,44022.48
19302,1930,61,2,1562.58
19303,1930,86,1,24881.16
19304,1930,97,3,36241.32
19311,1931,110,1,24982.42
19312,1931,41,3,74229.96
19313,1931,44,1,6111.68
19321,1932,88,2,6929.2
19322,1932,109,4,55931.88
19331,1933,64,1,3233.03
19341,1934,52,1,14822.36
19342,1934,87,3,33700.35
19343,1934,68,2,45718.76
19344,1934,65,3,34848.69
19345,1934,43,4,84599.48
19351,1935,105,5,25800.6
19352,1935,71,5,95907.55
19361,1936,74,3,2931.54
19362,1936,101,2,36724.72
19363,1936,54,4,99758.68
19364,1936,55,1,2727.28
19371,1937,14,5,111792.0
19372,1937,41,3,74229.96
19381,1938,34,4,11898.16
19391,1939,62,2,34403.8
19401,1940,37,1,7040.96
19402,1940,34,2,5949.08
19411,1941,93,2,43122.14
19421,1942,24,1,2772.27
19422,1942,108,4,45426.8
19431,1943,94,5,31655.55
19432,1943,73,1,514.01
19433,1943,65,4,46464.92
19441,1944,32,1,6083.51
19451,1945,31,3,53286.03
19452,1945,89,1,8783.1
19453,1945,80,3,57788.82
19461,1946,81,4,48577.68
19471,1947,40,3,13510.08
19472,1947,15,2,21674.16
19481,1948,65,5,58081.15
19482,1948,85,2,10856.4
19483,1948,12,2,14476.44
19484,1948,37,1,7040.96
19491,1949,106,1,10836.1
19492,1949,63,1,7037.22
19493,1949,83,3,32600.64
19494,1949,81,2,24288.84
19501,1950,45,1,8228.6
19502,1950,74,1,977.18
19511,1951,14,4,89433.6
19512,1951,20,4,81324.2
19521,1952,108,4,45426.8
19522,1952,13,2,37087.08
19523,1952,38,4,65507.48
19524,1952,21,1,20242.57
19531,1953,98,5,101418.4
19532,1953,12,2,14476.44
19533,1953,15,2,21674.16
19534,1953,48,2,33116.5
19541,1954,69,3,23435.7
19542,1954,34,3,8923.62
19551,1955,39,1,4692.9
19561,1956,67,4,51057.44
19562,1956,31,4,71048.04
19563,1956,83,2,21733.76
19564,1956,46,5,28345.4
19571,1957,39,5,23464.5
19581,1958,61,3,2343.87
19591,1959,31,3,53286.03
19601,1960,89,3,26349.3
19602,1960,81,1,12144.42
19611,1961,39,5,23464.5
19612,1961,105,2,10320.24
19621,1962,100,2,21755.36
19631,1963,74,5,4885.9
19632,1963,34,1,2974.54
19633,1963,80,4,77051.76
19634,1963,22,2,17672.28
19635,1963,31,3,53286.03
19641,1964,49,5,114532.1
19642,1964,109,4,55931.88
19651,1965,66,4,87833.6
19661,1966,93,2,43122.14
19662,1966,53,4,41141.24
19671,1967,81,2,24288.84
19672,1967,93,5,107805.35
19673,1967,49,4,91625.68
19674,1967,56,3,9559.2
19681,1968,91,3,6717.99
19682,1968,86,1,24881.16
19691,1969,11,5,80829.8
19692,1969,75,4,88114.76
19701,1970,11,4,64663.84
19711,1971,57,1,19905.94
19712,1971,107,2,13240.52
19713,1971,63,1,7037.22
19721,1972,96,1,23420.1
19722,1972,102,5,123060.25
19731,1973,32,1,6083.51
19732,1973,87,3,33700.35
19733,1973,16,3,17569.89
19734,1973,34,2,5949.08
19735,1973,109,5,69914.85
19741,1974,44,5,30558.4
19751,1975,15,2,21674.16
19752,1975,85,2,10856.4
19761,1976,55,2,5454.56
19762,1976,35,1,16074.27
19763,1976,42,2,28290.54
19764,1976,37,2,14081.92
19771,1977,16,2,11713.26
19781,1978,94,1,6331.11
19782,1978,53,1,10285.31
19783,1978,55,5,13636.4
19791,1979,39,1,4692.9
19792,1979,54,2,49879.34
19793,1979,47,4,87884.04
19794,1979,53,5,51426.55
19801,1980,81,3,36433.26
19802,1980,82,2,13987.78
19811,1981,107,2,13240.52
19812,1981,110,2,49964.84
19821,1982,48,5,82791.25
19822,1982,42,4,56581.08
19823,1982,61,2,1562.58
19824,1982,31,1,17762.01
19831,1983,14,5,111792.0
19832,1983,55,2,5454.56
19833,1983,83,1,10866.88
19841,1984,45,3,24685.8
19851,1985,85,1,5428.2
19861,1986,53,5,51426.55
19862,1986,107,4,26481.04
19871,1987,89,5,43915.5
19881,1988,18,2,32844.34
19882,1988,26,2,40549.28
19891,1989,62,3,51605.7
19892,1989,36,5,47847.15
19893,1989,20,3,60993.15
19894,1989,72,3,58729.05
19895,1989,69,2,15623.8
19901,1990,12,4,28952.88
19911,1991,110,3,74947.26
19921,1992,83,4,43467.52
19922,1992,37,3,21122.88
19931,1993,23,2,47903.44
19932,1993,86,2,49762.32
19941,1994,20,2,40662.1
19951,1995,58,2,4112.86
19961,1996,27,4,54550.36
19962,1996,65,3,34848.69
19963,1996,46,2,11338.16
19971,1997,76,4,32136.4
19972,1997,91,3,6717.99
19981,1998,29,1,20820.41
19991,1999,65,2,23232.46
19992,1999,26,1,20274.64
19993,1999,68,1,22859.38
19994,1999,109,5,69914.85
20001,2000,95,5,28744.0
20002,2000,105,3,15480.36
